"文献名,科,亜科,属,種小名,和名,食草"
"日本産蝶類標準図鑑,アゲハチョウ科,ウスバアゲハ亜科,Luehdorfia,japonica,ギフチョウ,""カンアオイ属（ミチノクサイシン、キンキカンアオイ、ミヤコアオイ、ミヤマアオイ、コシノカンアオイ、サンヨウアオイ、ヒメカンアオイ、スズカカンアオイ、カギガタアオイ、ランヨウアオイ、タイリンアオイなど）、ウスバサイシン、フタバアオイ"""
"日本産蝶類標準図鑑,アゲハチョウ科,ウスバアゲハ亜科,Luehdorfia,puziloi,ヒメギフチョウ,""ウスバサイシン、オクエゾサイシン、コシノカンアオイ、ミヤコアオイ、ヒメカンアオイ"""
"日本産蝶類標準図鑑,アゲハチョウ科,ウスバアゲハ亜科,Sericinus,montela,ホソオチョウ,ウマノスズクサ"
"日本産蝶類標準図鑑,アゲハチョウ科,ウスバアゲハ亜科,Parnassius,citrinarius,ウスバアゲハ,""ケマンソウ科のムラサキケマン、ジロボウエンゴサク、ヤマエンゴサク、エゾエンゴサク、ミチノクエンゴサク、ヤブエンゴサク、ミヤマキケマン"""
"日本産蝶類標準図鑑,アゲハチョウ科,ウスバアゲハ亜科,Parnassius,hoenei,ヒメウスパアゲハ,""ケマンソウ科のエゾエンゴサク、エゾキケマン、ヤマエンゴサク、ジロボウエンゴサク"""
"日本産蝶類標準図鑑,アゲハチョウ科,ウスバアゲハ亜科,Parnassius,eversmanni,キイロウスパアゲハ,ケマンソウ科のコマクサ"
"日本産蝶類標準図鑑,アゲハチョウ科,アゲハチョウ亜科,Byasa,alcinous,ジャコウアゲハ,""ウマノスズクサ、オオバウマノスズクサ、マルバノウマノスズクサ、ホソバウマノスズクサ、リュウキュウウマノスズクサ、コウシュンウマノスズクサ"""
"日本産蝶類標準図鑑,アゲハチョウ科,アゲハチョウ亜科,Pachliopta,aristolochiae,ベニモンアゲハ,""リュウキュウウマノスズクサ、コウシュンウマノスズクサ、ウマノスズクサ"""
"日本産蝶類標準図鑑,アゲハチョウ科,アゲハチョウ亜科,Troides,aeacus,キシタアゲハ,リュウキュウウマノスズクサ"
"日本産蝶類標準図鑑,アゲハチョウ科,アゲハチョウ亜科,Graphium,sarpedon,アオスジアゲハ,""クスノキ科（クスノキ、タブノキ、イヌガシ、シロダモ、ニッケイ、ヤブニッケイ、コウチニッケイ、ハマビワ、バリバリノキ、アブラチャン、ゲッケイジュなど）、バラ科のヤマザクラ、モクレン科のオガタマノキ、タイサンボク、ミカン科"""
"日本産蝶類標準図鑑,アゲハチョウ科,アゲハチョウ亜科,Graphium,doson,ミカドアゲハ,""モクレン科（オガタマノキ、タイワンオガタマ、タイサンボク、トウオガタマ、ホオノキ、キンコウボク、ギンコウボク）、パンレイシ科のイヌパンレイシ、ポーポー"""
"日本産蝶類標準図鑑,アゲハチョウ科,アゲハチョウ亜科,Graphium,agamemnon,コモンタイマイ,""モクレン科のタイワンオガタマ、タイサンボク"""
"日本産蝶類標準図鑑,アゲハチョウ科,アゲハチョウ亜科,Papilio,xuthus,アゲハ,""ミカン科（カラタチ、サルカケミカン、サンショウ、イスザンショウ、フユザンショウ、イワザンショウ、テリバザンショウ、キハダ、ヒロハノキハダ、ナツミカン、ユズ、ウンシュウミカン、ブンタン、キンコウジ、ダイダイ、ヒュウガナツ、レモン、ゴシュユ、ハマセンダン、カラスザンショウ、キンカン、ツルシキミ、ミヤマシキミ、アサクラザンショウ、グレープフルーツ、ヒラミレモン、コレア、ヨウシュハクセン、ヘンルーダ、アコウザンショウ、タチバナ、コクサギ、マツカゼソウ、ゲッキツ、シルクジャスミン）、クスノキ科（クスノキ、タブノキ）、ウマノスズクサ科（ウスバサイシン、アツバサイシン）、キク科（コスモス、キバナコスモス、アフリカンマリーゴールド）、ボタン科（シャクヤク、ボタン）、ツリフネソウ科のホウセンカ、ナデシコ科のセキチク、シソ科のイヌコウジュ、セリ科（ウイキョウ、パセリ）"""
"日本産蝶類標準図鑑,アゲハチョウ科,アゲハチョウ亜科,Papilio,machaon,キアゲハ,""セリ科（ニンジン、ノダケ、ミツバ、ウイキョウ、ハナウド、ハマウド、シシウド、エゾノシシウド、セリ、オカゼリ、イブキゼリ、エゾニュウ、ハマボウフウ、ボタンボウフウ、イブキボウフウ、タカネイブキボウフウ、アメリカボウフウ、シラネセンキュウ、ミヤマセンキュウ、オオバセンキュウ、ドクゼリ、カワラボウフウ、ウマノミツバ、ヒカゲミツバ、ヤマゼリ、イワテトウキ、シラネニンジン、ヤブジラミ、イシヅチボウフウ、マツバゼリ、ハマゼリ、アシタバ、トウキ、イワミフウボウ、パセリ、ミシマサイコ、セロリ、ハクサンボウフウ、アマニュウ、エゾノヨロイグサ、ミヤマニンジン、オオハナウド）、ミカン科（キハダ、サンショウ、イヌザンショウ、カラスザンショウ、コクサギ、カラタチ、ミカン類）、ギョリュウ科のギョリュウ、キク科（フジアザミ、コスモス、ベニバナボロギク）"""
"日本産蝶類標準図鑑,アゲハチョウ科,アゲハチョウ亜科,Papilio,demoleus,オナシアゲハ,ミカン科の各種ミカン（Citrus）、カラスザンショウ"
"日本産蝶類標準図鑑,アゲハチョウ科,アゲハチョウ亜科,Papilio,memnon,ナガサキアゲハ,""ミカン科（ブンタン、ネーブルオレンジ、ウンシュウミカン、ユズ、ハッサク、ナツミカン、ダイダイ、ナルトミカン、グレープフルーツ、カラタチ、キンカン、ヒラミレモン、オートー、テリバザンショウ、イスザンショウ）"""
"日本産蝶類標準図鑑,アゲハチョウ科,アゲハチョウ亜科,Papilio,helenus,モンキアゲハ,""ミカン科（キハダ、カラスザンショウ、ハマセンダン、カラタチ、サンショウ、ユズ、ウンシュウミカン、タナバタ、フユザンショウ、テリバザンショウ、コクサギ、サルカケミカン、ナツミカン、ダイダイ、ポンカン、ブンタン、ヒラミレモン）"""
"日本産蝶類標準図鑑,アゲハチョウ科,アゲハチョウ亜科,Papilio,polytes,シロオビアゲハ,""ミカン科（サルカケミカン、ハナシンボウギ、タンカン、コブミカン、ヒラミレモン、カラタチ）"""
"日本産蝶類標準図鑑,アゲハチョウ科,アゲハチョウ亜科,Papilio,protenor,クロアゲハ,""ミカン科（ユズ、ウンシュウミカン、ナツミカン、カラタチ、サンショウ、イスザンショウ、ミヤマシキミ、カラスザンショウ、フユザンショウ、テリバザンショウ、イワザンショウ、ゴシュユ、キハダ、ブンタン、ダイダイ、レモン、キンカン、サルカケミカン、ハマセンダン、ヘンルーダ、ツルザンショウ、リュウキュウミヤマシキミ、ハナシンボウギ、ヒラミレモン）、クスノキ科のクスノキ"""
"日本産蝶類標準図鑑,アゲハチョウ科,アゲハチョウ亜科,Papilio,macilentus,オナガアゲハ,""ミカン科（コクサギ、カラタチ、サンショウ、キハダ、イスザンショウ、フユザンショウ、カラスザンショウ、ヘンルーダ、ナツミカン、ツルシキミ）"""
"日本産蝶類標準図鑑,アゲハチョウ科,アゲハチョウ亜科,Papilio,dehaanii,カラスアゲハ,""ミカン科（コクサギ、カラスザンショウ、キハダ、ハマセンダン、ミヤマシキミ、イヌザンショウ、フユザンショウ、カラタチ、タチバナ、ユズ、レモン、ナツミカン、ウンシュウミカン、ヘンルーダ）、ウルシ科のヌルデ"""
"日本産蝶類標準図鑑,アゲハチョウ科,アゲハチョウ亜科,Papilio,okinawensis,オキナワカラスアゲハ,""ミカン科のハマセンダン、カラスザンショウ"""
"日本産蝶類標準図鑑,アゲハチョウ科,アゲハチョウ亜科,Papilio,bianor,ヤエヤマカラスアゲハ,""ミカン科のハマセンダン、ヒラミレモン、カラスザンショウ、トウダイグサ科のアカギ"""
"日本産蝶類標準図鑑,アゲハチョウ科,アゲハチョウ亜科,Papilio,maackii,ミヤマカラスアゲハ,""ミカン科（キハダ、ヒロハノキハダ、カラスザンショウ、ハマセンダン、ツルシキミ、コクサギ、サンショウ、イスザンショウ、カラタチ、ミカン類）"""
"日本産蝶類標準図鑑,シロチョウ科,トンボシロチョウ亜科,Leptidea,amurensis,ヒメシロチョウ,""マメ科のツルフジバカマ、カラスノエンドウ、ビロードクサフジ、レンリソウ"""
"日本産蝶類標準図鑑,シロチョウ科,トンボシロチョウ亜科,Leptidea,morsei,エゾヒメシロチョウ,""マメ科のクサフジ、エゾノレンリソウ、ヒロハノクサフジ、ツルフジバカマ、ホソバクサフジ、ヒメレンリソウ"""
"日本産蝶類標準図鑑,シロチョウ科,モンシロチョウ亜科,Anthocharis,scolymus,ツマキチョウ,""アブラナ科（ハタザオ、ハマハタザオ、ミヤマハタザオ、イワハタザオ、ヤマハタザオ、タネツケバナ、ミヤマタネツケバナ、イヌガラシ、ジャニンジン、シコクハタザオ、ミズナ、コンロンソウ、ナズナ、イヌナズナ、スカシタゴボウ、ハナダイコン、ミヤガラシ、タイサイ、ハボタン、カブ、オオアラセイトウ、ブロッコリー、チンゲンサイ、コマツナ、セイヨウアブラナ、カラシナ、カキネガラシ、セイヨウカラシナ、ダイコン、オオバタネツケバナ）"""
"日本産蝶類標準図鑑,シロチョウ科,モンシロチョウ亜科,Anthocharis,cardamines,クモマツマキチョウ,""アブラナ科（ヤマハタザオ、イワハタザオ、ミヤマハタザオ、キバナハタザオ、イブキハタザオ、フジハタザオ、ヒロハコンロンソウ、ヤマガラシ、ミヤマタネツケバナ、タネツケバナ）"""
"日本産蝶類標準図鑑,シロチョウ科,モンシロチョウ亜科,Hebomoia,glaucippe,ツマベニチョウ,フウチョウソウ科のギョボク"
"日本産蝶類標準図鑑,シロチョウ科,モンシロチョウ亜科,Appias,paulina,ナミエシロチョウ,不明"
"日本産蝶類標準図鑑,シロチョウ科,モンシロチョウ亜科,Appias,albina,カワカミシロチョウ,""不明（国外ではトウダイグサ科のテリハツゲモドキ、フウチョウソウ科のCapparis heyncana）"""
"日本産蝶類標準図鑑,シロチョウ科,モンシロチョウ亜科,Appias,lyncida,タイワンシロチョウ,フウチョウソウ科のギョボク"
"日本産蝶類標準図鑑,シロチョウ科,モンシロチョウ亜科,Leptosia,nina,クロテンシロチョウ,フウチョウソウ科のギョボク、セイヨウフウチョウソウ"
"日本産蝶類標準図鑑,シロチョウ科,モンシロチョウ亜科,Pieris,brassicae,オオモンシロチョウ,""アブラナ科（キャベツ、ダイコン、カリフラワー、ブロッコリー、コマツナ、シロカブ、ハクサイ、ワサビ、ワサビダイコン、ハボタン、キレハイヌガラシ、コンロンソウ、カキネガラシ、ハルザキイヌガラシ）、ノウゼンハレン科のノウゼンハレン、フウチョウソウ科のセイヨウフウチョウソウ"""
"日本産蝶類標準図鑑,シロチョウ科,モンシロチョウ亜科,Pieris,rapae,モンシロチョウ,""アブラナ科（キャベツなど）、フウチョウソウ科のセイヨウフウチョウソウ、ギョボク、ノウゼンハレン科のノウゼンハレン"""
"日本産蝶類標準図鑑,シロチョウ科,モンシロチョウ亜科,Pieris,canidia,タイワンモンシロチョウ,""アブラナ科（ミチバタガラシ、マメグンバイナズナ、イヌガラシ、ハナナズナ、ヤマハタザオ、タネツケバナ、タチタネツケバナ、オオバタネツケバナ、ハマハタザオ、ナズナ、ハタザオ、イヌガラシ、アブラナ、アオクビダイコン、タイワンダイコン、クレソン）"""
"日本産蝶類標準図鑑,シロチョウ科,モンシロチョウ亜科,Pieris,dulcinea,エゾスジグロシロチョウ,""アブラナ科（コンロンソウ、ミヤマハタザオ、キレハイヌガラシ、エゾワサビ、オランダガラシ、カキネガラシ、ワサビダイコン、タネツケバナ、イヌガラシ、ミヤマタネツケバナ）"""
"日本産蝶類標準図鑑,シロチョウ科,モンシロチョウ亜科,Pieris,nesis,ヤマトスジグロシロチョウ,""アブラナ科のハタザオ類（スズシロソウ、ハクサンハタザオ、ヤマハタザオ、ミヤマハタザオ、シコクハタザオ）、クレソン、イヌガラシ"""
"日本産蝶類標準図鑑,シロチョウ科,モンシロチョウ亜科,Pieris,melete,スジグロシロチョウ,""アブラナ科（オオアラセイトウ、エゾハタザオ、ジャニンジン、オオバタネツケバナ、ニシノオオタネツケバナ、コンロンソウ、ミヤマタネツケバナ、エゾワサビ、キレハイヌガラシ、ハルザキヤマガラシ、ルナリア、ダイコンなど）、ノウゼンハレン科のノウゼンハレン、フウチョウソウ科のセイヨウフウチョウソウ"""
"日本産蝶類標準図鑑,シロチョウ科,モンキチョウ亜科,Eurema,laeta,ツマグロキチョウ,""マメ科のカワラケツメイ、エビスグサ"""
"日本産蝶類標準図鑑,シロチョウ科,モンキチョウ亜科,Eurema,brigitta,ホシボシキチョウ,マメ科のカワラケツメイ"
"日本産蝶類標準図鑑,シロチョウ科,モンキチョウ亜科,Eurema,blanda,タイワンキチョウ,""マメ科の樹木（タマザキゴウカン、ハスノミカズラ、ナンテンカズラ、モクセンナ、タガヤサン、ハネセンナ、ネムノキ、イタチハギ、シイノキカズラ）"""
"日本産蝶類標準図鑑,シロチョウ科,モンキチョウ亜科,Eurema,hecabe,キチョウ,""マメ科（コバノセンナ、ハマセンナ、モクセンナ、アメリカツノクサネム、ナンテンカズラ、ネムノキ、メドハギ、カワラケツメイ、ギンゴウカン、タガヤサン、ナンバンサイカチ、ビルマネム）"""
"日本産蝶類標準図鑑,シロチョウ科,モンキチョウ亜科,Eurema,mandarina,キタキチョウ,""マメ科（メドハギ、ナツハギ、ヤマハギ、マルバハギ、ミヤギノハギ、シロハギ、キハギ、マキエハギ、オオマルバハギ、ツクシハギなどのハギ類、ネムノキ、フサアカシア、ジャケツイバラ、ハリエンジュ、ギンヨウアカシア、モリシマアカシア、サイカチ、エビスグサ、ヤハズソウ、マルバヤハズソウ、イタチハギ、コマツナギ、ウマゴヤシ、クサネム）、クロウメモドキ科（クロウメモドキ、コバノクロウメモドキ、リュウキュウクロウメモドキ、クロイゲ、ヒメクマヤナギ）"""
"日本産蝶類標準図鑑,シロチョウ科,モンシロチョウ亜科,Aporia,hippia,ミヤマシロチョウ,""メギ科のメギ、ヒロハヘビノボラズ"""
"日本産蝶類標準図鑑,シロチョウ科,モンシロチョウ亜科,Aporia,crataegi,エゾシロチョウ,""バラ科（カイドウ、ボケ、サンザシ、ナシ、シウリザクラ、ヤマザクラ、エゾノウワミズザクラ、リンゴ、ズミ、セイヨウナシ、ベニシタン）、ツツジ科のクロマメノキ"""
"日本産蝶類標準図鑑,シロチョウ科,モンキチョウ亜科,Gonepteryx,rhamni,ヤマキチョウ,クロウメモドキ科のクロツバラ"
"日本産蝶類標準図鑑,シロチョウ科,モンキチョウ亜科,Gonepteryx,aspasia,スジボソヤマキチョウ,クロウメモドキ科（クロウメモドキ、コバノクロウメモドキ、キビノクロウメモドキ、エゾクロウメモドキ、クロウメモドキ、クロカンバ）"
"日本産蝶類標準図鑑,シロチョウ科,モンキチョウ亜科,Colias,palaeno,ミヤマモンキチョウ,""ツツジ科のクロマメノキ、クロウスゴ"""
"日本産蝶類標準図鑑,シロチョウ科,モンキチョウ亜科,Colias,erate,モンキチョウ,""マメ科（コマツナギ、ミヤコグサ、ウマゴヤシ、ムラサキウマゴヤシ、エンドウ、シナガワハギ、シロバナシナガワハギ、ハウチワマメ、タイツリオウギ、リシリオウギ、シロツメクサ、ムラサキツメクサ、スズメノエンドウ、カラスノエンドウ、ゲンゲ、アズキ、イワオウギ、クサフジ、セイヨウミヤコグサ、ハリエンジュ、シャジクソウ、ナンテンハギ、タチオランダゲンゲ、コメツブウマゴヤシ、ツルフジバカマ、ダイズ）"""
"日本産蝶類標準図鑑,シロチョウ科,モンキチョウ亜科,Catopsilia,scylla,キシタウスキシロチョウ,マメ科のモクセンナ（国外ではナンバンサイカチ、ハブソウ、ハネセンナ）"
"日本産蝶類標準図鑑,シロチョウ科,モンキチョウ亜科,Catopsilia,pyranthe,ウラナミシロチョウ,""マメ科のハブソウ、エビスグサ、ハネセンナ、ナンバンサイカチ"""
"日本産蝶類標準図鑑,シロチョウ科,モンキチョウ亜科,Catopsilia,pomona,ウスキシロチョウ,""マメ科のタガヤサン、ナンバンサイカチ、ハネセンナ、フタホセンナ"""
"日本産蝶類標準図鑑,シジミチョウ科,ウラギンシジミ亜科,Curetis,acuta,ウラギンシジミ,""マメ科（フジ、ナツフジ、ヤマフジ、クズ、ムラサキナツフジ、クララ、ジャケツイバラ、ハマエンジュ、ツクシハギ、ミヤギノハギ、ヤマハギ、タイワンクズ、クロヨナ、タカナタマメ）の花・実・新芽"""
"日本産蝶類標準図鑑,シジミチョウ科,アシナガシジミ亜科,Taraka,hamada,ゴイシシジミ,""アブラムシ類（ササコナフキツノアブラムシ、タケツノアブラムシ、ササヒゲマダラアブラムシ、サトウキビコナフキツノアブラムシ、イタドリオオアブラムシ）"""
"日本産蝶類標準図鑑,シジミチョウ科,アシナガシジミ亜科,Spalgis,epius,シロモンクロシジミ,コナフキカイガラムシ"
"日本産蝶類標準図鑑,シジミチョウ科,シジミチョウ亜科,Spindasis,takanonis,キマダラルリツバメ,ハリブトシリアゲアリから口移しで給餌される（アリの幼虫や食糧を食べることもある）"
"日本産蝶類標準図鑑,シジミチョウ科,シジミチョウ亜科,Panchala,ganesa,ルーミスシジミ,""ブナ科のイチイガシ、ウラジロガシ、ウバメガシ"""
"日本産蝶類標準図鑑,シジミチョウ科,シジミチョウ亜科,Narathura,japonica,ムラサキシジミ,""ブナ科のカシ類（アラカシ、アカガシ、ウラジロガシ、シラカシ、イチイガシ、ハナガガシ、ウバメガシ、ツクバネガシ）、コナラ、クヌギ、ミズナラ、カシワ、ナラガシワ、オキナワウラジロガシ、スダジイ、アマミアラカシ"""
"日本産蝶類標準図鑑,シジミチョウ科,シジミチョウ亜科,Narathura,bazalus,ムラサキツバメ,""ブナ科のマテバシイ、シリブカガシ、ウバメガシ、アマミアラカシ"""
"日本産蝶類標準図鑑,シジミチョウ科,シジミチョウ亜科,Artopoetes,pryeri,ウラゴマダラシジミ,モクセイ科のイボタノキ、ミヤマイボタ、オオバイボタ、サイゴクイボタ、ハシドイ、セイヨウイボタ"
"日本産蝶類標準図鑑,シジミチョウ科,シジミチョウ亜科,Shirozua,jonasi,ムモンアカシジミ,アブラムシやカイガラムシを食べる（ブナ科植物の新芽も食べる）"
"日本産蝶類標準図鑑,シジミチョウ科,シジミチョウ亜科,Coreana,raphaelis,チョウセンアカシジミ,モクセイ科のトネリコ、アオダモ、ヤチダモ"
"日本産蝶類標準図鑑,シジミチョウ科,シジミチョウ亜科,Ussuriana,stygiana,ウラキンシジミ,""モクセイ科のトネリコ類（トネリコ、アオダモ、ホソバアオダモ、ヤマトアオダモ、シオジ、ミヤマアオダモ）"""
"日本産蝶類標準図鑑,シジミチョウ科,シジミチョウ亜科,Japonica,lutea,アカシジミ,""ブナ科のクヌギ、コナラ、ミズナラ、ナラガシワ、カシワ、アベマキ、アラカシ、ウラジロガシ"""
"日本産蝶類標準図鑑,シジミチョウ科,シジミチョウ亜科,Japonica,onoi,カシワアカシジミ,""ブナ科のカシワ、ホソバガシワ"""
"日本産蝶類標準図鑑,シジミチョウ科,シジミチョウ亜科,Japonica,saepestriata,ウラナミアカシジミ,""ブナ科のクヌギ、コナラ、ミズナラ、ナラガシワ、アベマキ、カシワ、ウバメガシ"""
"日本産蝶類標準図鑑,シジミチョウ科,シジミチョウ亜科,Antigius,attilia,ミズイロオナガシジミ,""ブナ科のクヌギ、コナラ、ミズナラ、カシワ、ナラガシワ、アベマキ、アラカシ"""
"日本産蝶類標準図鑑,シジミチョウ科,シジミチョウ亜科,Antigius,butleri,ウスイロオナガシジミ,""ブナ科のカシワ、ミズナラ、ナラガシワ、コナラ、アラカシ、ウラジロガシ"""
"日本産蝶類標準図鑑,シジミチョウ科,シジミチョウ亜科,Araragi,enthea,オナガシジミ,""クルミ科のオニグルミ、ヒメグルミ、サワグルミ"""
"日本産蝶類標準図鑑,シジミチョウ科,シジミチョウ亜科,Wagimo,signatus,ウラミスジシジミ,""ブナ科のカシワ、コナラ、ミズナラ、クヌギ、ナラガシワ、アベマキ、ウラジロガシ"""
"日本産蝶類標準図鑑,シジミチョウ科,シジミチョウ亜科,Iratsume,orsedice,ウラクロシジミ,マンサク科のマンサク、マルバマンサク、アテツマンサク、オオバマンサク"
"日本産蝶類標準図鑑,シジミチョウ科,シジミチョウ亜科,Sibataniozephyrus,fujisanus,フジミドリシジミ,ブナ科のブナ、イヌブナ"
"日本産蝶類標準図鑑,シジミチョウ科,シジミチョウ亜科,Favonius,saphirinus,ウラジロミドリシジミ,""ブナ科のカシワ、ナラガシワ"""
"日本産蝶類標準図鑑,シジミチョウ科,シジミチョウ亜科,Favonius,cognatus,ヒロオビミドリシジミ,ブナ科のナラガシワ"
"日本産蝶類標準図鑑,シジミチョウ科,シジミチョウ亜科,Favonius,ultramarinus,ハヤシミドリシジミ,""ブナ科のカシワ、ミズナラ"""
"日本産蝶類標準図鑑,シジミチョウ科,シジミチョウ亜科,Favonius,jezoensis,エゾミドリシジミ,""ブナ科のミズナラ、カシワ、コナラ、アベマキ、ナラガシワ、クヌギ、ウラジロガシ、ツクバネガシ、アカガシ"""
"日本産蝶類標準図鑑,シジミチョウ科,シジミチョウ亜科,Favonius,orientalis,オオミドリシジミ,""ブナ科のコナラ類（コナラ、カシワ、ミズナラ、クヌギ、アベマキ、ナラガシワ、アラカシ、ツクバネガシ、ウラジロガシ）"""
"日本産蝶類標準図鑑,シジミチョウ科,シジミチョウ亜科,Favonius,yuasai,クロミドリシジミ,""ブナ科のクヌギ、アベマキ、コナラ、カシワ、ナラガシワ"""
"日本産蝶類標準図鑑,シジミチョウ科,シジミチョウ亜科,Favonius,taxila,ジョウザンミドリシジミ,""ブナ科のミズナラ、アベマキ、クヌギ、コナラ、カシワ"""
"日本産蝶類標準図鑑,シジミチョウ科,シジミチョウ亜科,Neozephyrus,japonicus,ミドリシジミ,カバノキ科のハンノキ類（ハンノキ、ヤマハンノキ、ケヤマハンノキ、ヤハズハンノキ、ミヤマハンノキ、サクラバハンノキ、カワラハンノキ、コバノヤマハンノキ）"
"日本産蝶類標準図鑑,シジミチョウ科,シジミチョウ亜科,Chrysozephyrus,brillantinus,アイノミドリシジミ,""ブナ科のミズナラ、コナラ、クヌギ、カシワ、アベマキ、アラカシ、アカガシ、ウラジロガシ、アカナラ、ツブラジイ"""
"日本産蝶類標準図鑑,シジミチョウ科,シジミチョウ亜科,Chrysozephyrus,smaragdinus,メスアカミドリシジミ,""バラ科のサクラ類（ヤマザクラ、カスミザクラ、オクチョウジザクラ、エゾヤマザクラ、エゾノウワミズザクラ、ミヤマザクラ、ミネザクラ、チシマザクラ、イスザクラ、チョウジザクラ、マメザクラ、シウリザクラ、エドヒガン、ソメイヨシノ）"""
"日本産蝶類標準図鑑,シジミチョウ科,シジミチョウ亜科,Chrysozephyrus,hisamatsusanus,ヒサマツミドリシジミ,""ブナ科のウラジロガシ、イチイガシ、ツブラジイ、アカガシ、アラカシ、ツクバネガシ、シラカシ、コナラ、ミズナラ、ブナ"""
"日本産蝶類標準図鑑,シジミチョウ科,シジミチョウ亜科,Chrysozephyrus,ataxus,キリシマミドリシジミ,""ブナ科のアカガシ、ウラジロガシ、ツクバネガシ、アラカシ、ミズナラ"""
"日本産蝶類標準図鑑,シジミチョウ科,シジミチョウ亜科,Fixsenia,w-album,カラスシジミ,""ニレ科のニレ類（ハルニレ、コブニレ、オヒョウ、マンシュウニレ）、バラ科（スモモ、ズミ、サクラ、ウメ、アンズ）"""
"日本産蝶類標準図鑑,シジミチョウ科,シジミチョウ亜科,Fixsenia,mera,ミヤマカラスシジミ,クロウメモドキ科（クロウメモドキ、コバノクロウメモドキ、クロウメモドキ、エゾクロウメモドキ、キビノクロウメモドキ、クロカンバ）"
"日本産蝶類標準図鑑,シジミチョウ科,シジミチョウ亜科,Fixsenia,iyonis,ベニモンカラスシジミ,クロウメモドキ科（コバノクロウメモドキ、キビノクロウメモドキ、エゾクロウメモドキ、タイシャククロウメモドキ）"
"日本産蝶類標準図鑑,シジミチョウ科,シジミチョウ亜科,Fixsenia,pruni,リンゴシジミ,""バラ科のエゾノウワミズザクラ、シウリザクラ、スモモ、ウメ、アンズ"""
"日本産蝶類標準図鑑,シジミチョウ科,シジミチョウ亜科,Callophrys,ferrea,コツバメ,""スイカズラ科のガマズミ、ツツジ科（キリシマツツジ、ヤマツツジ、エゾムラサキツツジ、アセビ、シャクナゲ、ナツハゼ、シャシャンボ、ネジキ、レンゲツツジ、シロバナシャクナゲ、ドウダンツツジ、ムラサキヤシオ、コヨウラクツツジ）、バラ科（リンゴ、ボケ、エゾノウワミズザクラ、イスザクラ、ヤマブキショウマ、コアジサイ、ホザキシモツケ、エゾノシロバナシモツケ、ウワミズザクラ、ユキヤナギ）、ユキノシタ科のアカショウマ、ヤナギ科のエゾノバッコヤナギ"""
"日本産蝶類標準図鑑,シジミチョウ科,シジミチョウ亜科,Rapala,arata,トラフシジミ,""マメ科（フジ、クズ、クサフジ、ミヤギノハギ、ハリエンジュ、クララ、イヌエンジュ、シロツメクサ）、ユキノシタ科（ウツギ、マルバウツギ、ヒメウツギ）、バラ科（ノイバラ、リンゴ）、ツツジ科のナツハゼ、ハイノキ科のサワフタギ、クロウメモドキ科（キビノクロウメモドキ、クロウメモドキ、クロウメモドキ）、ブナ科のクリ、トチノキ科のトチノキ、ミズキ科のミズキ、ミツバウツギ科のミツバウツギ、ミカン科のキハダ、ムクロジ科のムクロジ、ウルシ科のヤマウルシ、リョウブ科のリョウブ、スイカズラ科のヤブデマリ、アワブキ科のアワブキ"""
"日本産蝶類標準図鑑,シジミチョウ科,シジミチョウ亜科,Artipe,eryx,イワカワシジミ,アカネ科のクチナシ"
"日本産蝶類標準図鑑,シジミチョウ科,シジミチョウ亜科,Lycaena,phlaeas,ベニシジミ,""タデ科のスイバ、ヒメスイバ、ギシギシ、エゾノギシギシ、ノダイオウ"""
"日本産蝶類""日本産蝶類標準図鑑,シジミチョウ科,シジミチョウ亜科,Niphanda,fusca,クロシジミ,""アブラムシやキジラミが寄生する植物（ブナ科のクヌギ、コナラなど、グミ科のアキグミ、イネ科のススキなど）"""
"日本産蝶類標準図鑑,シジミチョウ科,シジミチョウ亜科,Zizula,hylax,ホリイコシジミ,クマツヅラ科のランタナ（国外ではマメ科、キツネノマゴ科も記録）"
"日本産蝶類標準図鑑,シジミチョウ科,シジミチョウ亜科,Zizina,otis,シルビアシジミ,""マメ科（ミヤコグサ、シロツメクサ、ウマゴヤシ、マルバダケハギ、コマツナギ、ヤハズソウ、コメツブウマゴヤシ、コウマゴヤシ、シナガワハギ、メドハギ、ハマササゲ、ハイマキエハギ、タチシバハギ）"""
"日本産蝶類標準図鑑,シジミチョウ科,シジミチョウ亜科,Zizeeria,karsandra,ハマヤマトシジミ,""ヒユ科のイスビユ、ホナガイヌビユ、ハリビユ、アカザ科のアカザ、マメ科のシナガワハギ"""
"日本産蝶類標準図鑑,シジミチョウ科,シジミチョウ亜科,Zizeeria,maha,ヤマトシジミ,""カタバミ科（カタバミ、エゾタチカタバミ、ウスアカカタバミ、タチカタバミ、オッタチカタバミ）"""
"日本産蝶類標準図鑑,シジミチョウ科,シジミチョウ亜科,Shijimia,moorei,ゴイシツバメシジミ,イワタバコ科のシシンラン"
"日本産蝶類標準図鑑,シジミチョウ科,シジミチョウ亜科,Everes,lacturnus,タイワンツバメシジミ,""マメ科のシバハギ、タチシバハギ"""
"日本産蝶類標準図鑑,シジミチョウ科,シジミチョウ亜科,Everes,argiades,ツバメシジミ,""マメ科（メドハギ、エゾヤマハギ、ヤマハギ、ミヤギノハギ、クサフジ、ヒロハノクサフジ、オオバクサフジ、エンドウ、シロツメクサ、アカツメクサ、ムラサキツメクサ、シャジクソウ、コマツナギ、ミヤコグサ、ツルフジバカマ、クララ、イタチササゲ、ナンテンハギ、ウマゴヤシ、コメツブウマゴヤシ、カラスノエンドウ、ゲンゲ、ヤハズソウ、ダイズ、フジ、インゲンマメ、アズキ、ナラフジ、ニセアカシア、ハマエンドウ、ヌスビトハギ、アレチヌスビトハギ、イタチハギ、レブンソウ）、クワ科のカナムグラ"""
"日本産蝶類標準図鑑,シジミチョウ科,シジミチョウ亜科,Tongeia,fischeri,クロツバメシジミ,""ベンケイソウ科のツメレンゲ、タイトゴメ、ゲンカイイワレンゲ、アオノイワレンゲ、イワレンゲ、コモチレンゲ、ヒメレンゲ、ツルマンネングサ、オノマンネングサ、メノマンネングサ、マルバマンネングサ、ナガサキマンネングサ、フシママンネングサ、コモチマンネングサ、チャボツメレンゲ、チチッパベンケイソウ、タカネマンネングサ、ミセバヤ"""
"日本産蝶類標準図鑑,シジミチョウ科,シジミチョウ亜科,Pithecops,fulgens,ツシマウラボシシジミ,""マメ科のヌスビトハギ、マルバヌスビトハギ、フジカンゾウ、オオバヌスビトハギ"""
"日本産蝶類標準図鑑,シジミチョウ科,シジミチョウ亜科,Pithecops,corvus,リュウキュウウラボシシジミ,""マメ科のミソナオシ、トキワヤブハギ、リュウキュウヌスビトハギ"""
"日本産蝶類標準図鑑,シジミチョウ科,シジミチョウ亜科,Neopithecops,zalmora,ヒメウラボシシジミ,ミカン科のハナシンボウギ"
"日本産蝶類標準図鑑,シジミチョウ科,シジミチョウ亜科,Megisba,malaya,タイワンクロボシシジミ,""トウダイグサ科（アカメガシワ、ウラジロアカメガシワ、クスノハガシワ）、ムクロジ科のアカギモドキ、ユキノシタ科のヒイラギズイナ"""
"日本産蝶類標準図鑑,シジミチョウ科,シジミチョウ亜科,Acytolepis,puspa,ヤクシマルリシジミ,""ヤマモモ科、ブナ科、ユキノシタ科、マンサク科、バラ科、マメ科、トウダイグサ科、ミソハギ科、ツツジ科、アオイ科など多岐にわたる"""
"日本産蝶類標準図鑑,シジミチョウ科,シジミチョウ亜科,Udara,dilecta,タッパンルリシジミ,""不明（国外ではブナ科のタカサゴジイ、シラカシが記録されている）"""
"日本産蝶類標準図鑑,シジミチョウ科,シジミチョウ亜科,Udara,albocaerulea,サツマシジミ,""ブナ科、ハイノキ科、スイカズラ科、ムラサキ科、ミズキ科、モチノキ科、バラ科、ツツジ科など多岐にわたる"""
"日本産蝶類標準図鑑,シジミチョウ科,シジミチョウ亜科,Celastrina,argiolus,ルリシジミ,""マメ科、ミズキ科、バラ科、ミツバウツギ科、ヒルガオ科、ブナ科、ミカン科、タデ科、ヤナギ科、トウダイグサ科、カエデ科、クマツヅラ科、トチノキ科など多岐にわたる"""
"日本産蝶類標準図鑑,シジミチョウ科,シジミチョウ亜科,Celastrina,ogasawaraensis,オガサワラシジミ,""クワ科のアコウ、シマグワ、クマツヅラ科のオオバシマムラサキ、クスノキ科のムニンイスグス"""
"日本産蝶類標準図鑑,シジミチョウ科,シジミチョウ亜科,Celastrina,sugitanii,スギタニルリシジミ,""トチノキ科のトチノキ、ミズキ科のミズキ、ミカン科のキハダ、マメ科のフジ"""
"日本産蝶類標準図鑑,シジミチョウ科,シジミチョウ亜科,Leptotes,plinius,カクモンシジミ,""マメ科のナンバンコマツナギ、ハギカズラ（国外ではイソマツ科も記録）"""
"日本産蝶類標準図鑑,シジミチョウ科,シジミチョウ亜科,Lampides,boeticus,ウラナミシジミ,""マメ科（フジマメ、アズキ、ソラマメ、エンドウ、ササゲ、インゲンマメ、ノボリフジ、ダイズ、クズ、タイワンクズ、クロヨナ、ムラサキナツフジ、クサフジ、ムレスズメ、シロバナハギ、ヤマハギ、ミヤマハギ、ノアズキ、ノササゲ、ハマササゲ、ハマアズキ、ヤブツルアズキ、オオヤブツルアズキ、サンパンアカバナアズキ、シカクマメ、ナンバンコマツナギ、ハマエンドウ、ハマナタマメ、ナンテンハギ、アフリカタヌキマメ）、ベンケイソウ科のツメレンゲ"""
"日本産蝶類標準図鑑,シジミチョウ科,シジミチョウ亜科,Prosotas,nora,ヒメウラナミシジミ,""マメ科（モダマ、ヒメモダマ、コウシュンモダマ、クロヨナ、ソウシジュ、ナンテンカズラ）、トウダイグサ科のアカギ、ユキノシタ科のヒイラギズイナ"""
"日本産蝶類標準図鑑,シジミチョウ科,シジミチョウ亜科,Petrelaea,tombugensis,マルバネウラナミシジミ,シクンシ科のモモタマナ"
"日本産蝶類標準図鑑,シジミチョウ科,シジミチョウ亜科,Nacaduba,kurava,アマミウラナミシジミ,""ヤブコウジ科（モクタチバナ、タイミンタチバナ、シマイズセンリョウ）、サクラソウ科のハマボッス、ツバキ科のチャノキ"""
"日本産蝶類標準図鑑,シジミチョウ科,シジミチョウ亜科,Jamides,bochus,ルリウラナミシジミ,""マメ科（クロヨナ、シイノキカズラ、タイワンクズ、タカナタマメ、ハマナタマメ、クロタラリア、ハマアズキ、クロバナツルアズキ、ナンバンアカバナアズキ、シカクマメ、ナンバンコマツナギ、ハマササゲ、デリス）"""
"日本産蝶類標準図鑑,シジミチョウ科,シジミチョウ亜科,Jamides,alecto,シロウラナミシジミ,""ショウガ科（ウコン、クマタケラン、シュクシャ、ハナシュクシャ）"""
"日本産蝶類標準図鑑,シジミチョウ科,シジミチョウ亜科,Catochrysops,panormus,ウスアオオナガウラナミシジミ,マメ科のタイワンタヌキマメ、クロヨナ、ハスノミカズラ、クロバナツルアズキ"
"日本産蝶類標準図鑑,シジミチョウ科,シジミチョウ亜科,Catochrysops,strabo,ムラサキオナガウラナミシジミ,""不明（マメ科のクロヨナの可能性が高い）"""
"日本産蝶類標準図鑑,シジミチョウ科,シジミチョウ亜科,Euchrysops,cnejus,オジロシジミ,""マメ科（タヌキマメ、ヤエヤマタヌキマメ、コバノツルアズキ、オオヤブツルアズキ、ケツルアズキ、ハマアズキ、ハマササゲ、アズキ、ノアズキ、ノササゲ、ヤマハギ、ヤエナリ、クズ、タイワンクズ、ササゲ、ハマナタマメ、ツルマメ）"""
"日本産蝶類標準図鑑,シジミチョウ科,シジミチョウ亜科,Chilades,mindorus,ソテツシジミ,ソテツ科のソテツ"
"日本産蝶類標準図鑑,シジミチョウ科,シジミチョウ亜科,Chilades,pandava,クロマダラソテツシジミ,ソテツ科のソテツ"
"日本産蝶類標準図鑑,シジミチョウ科,シジミチョウ亜科,Plebejus,argus,ヒメシジミ,""キク科（ヤマボクチ、マアザミ、タイアザミ、ミヤコアザミ、エゾヨモギ、ヨモギ、ヤマヨモギ、ヤマハハコ、ヒメジョオン、ヒヨドリバナ、フキ）、マメ科、タデ科、ユキノシタ科、ヤナギ科、オオバコ科、バラ科、カバノキ科、ツツジ科、ブナ科など多岐にわたる"""
"日本産蝶類標準図鑑,シジミチョウ科,シジミチョウ亜科,Lycaeides,subsolana,アサマシジミ,""マメ科（ナンテンハギ、ヨツバハギ、エビラフジ、クサフジ、シロウマオウギ、タイツリオウギ、イワオウギ、モメンヅル、オオバクサフジ）"""
"日本産蝶類標準図鑑,シジミチョウ科,シジミチョウ亜科,Lycaeides,argyrognomon,ミヤマシジミ,""マメ科のコマツナギ、タイツリオウギ、イワオウギ"""
"日本産蝶類標準図鑑,シジミチョウ科,シジミチョウ亜科,Scolitantides,orion,ジョウザンシジミ,""ベンケイソウ科（キリンソウ、ホソバノキリンソウ、ホソバイワベンケイ、イワベンケイ、イワレンゲ、アオノイワレンゲ、ツルマンネングサ）"""
"日本産蝶類標準図鑑,シジミチョウ科,シジミチョウ亜科,Vacciniina,optilete,カラフトルリシジミ,""ガンコウラン科のガンコウラン、ツツジ科（クロマメノキ、コケモモ、ツルコケモモ、イソツツジ、エゾツツジ）"""
"日本産蝶類標準図鑑,シジミチョウ科,シジミチョウ亜科,Shijimiaeoides,divinus,オオルリシジミ,マメ科のクララ"
"日本産蝶類標準図鑑,シジミチョウ科,シジミチョウ亜科,Glaucopsyche,lycormas,カバイロシジミ,""マメ科のクサフジ、オオバクサフジ、ヒロハクサフジ"""
"日本産蝶類標準図鑑,シジミチョウ科,シジミチョウ亜科,Maculinea,arionides,オオゴマシジミ,""シソ科のカメバヒキオコシ、クロバナヒキオコシ（幼虫期後半はシワクシケアリの幼虫を捕食）"""
"日本産蝶類標準図鑑,シジミチョウ科,シジミチョウ亜科,Maculinea,teleius,ゴマシジミ,""バラ科のワレモコウ類（ワレモコウ、ナガボノシロワレモコウ、ナガボノアカワレモコウ、カライトソウ）（幼虫期後半はクシケアリの幼虫・卵を捕食）"""
"日本産蝶類標準図鑑,タテハチョウ科,テングチョウ亜科,Libythea,lepita,テングチョウ,""ニレ科のエノキ、エゾエノキ、クワノハエノキ"""
"日本産蝶類標準図鑑,タテハチョウ科,テングチョウ亜科,Libythea,geoffroy,ムラサキテングチョウ,""ニレ科のコウトウエノキ（国外）"""
"日本産蝶類標準図鑑,タテハチョウ科,タテハチョウ亜科,Melitaea,ambigua,コヒョウモンモドキ,""ゴマノハグサ科（クガイソウ、ヒメトラノオ、ママコナ、ヒキヨモギ、オオイヌノフグリ、シオガマギク、ミヤマクワガタ、キクバクワガタ、シラゲキクバクワガタ、エゾミヤマトラノオ、アポイクワガタ、パンダイクワガタ、シナノヒメクワガタ）、キク科（ヒメヨモギ、エゾヨモギ、タイアザミ、オトコヨモギ、ヒロハヤマヨモギ、ユウガギク）、オオバコ科のオオバコ、ユリ科のミズギボウシ"""
"日本産蝶類標準図鑑,タテハチョウ科,タテハチョウ亜科,Melitaea,scotosia,ヒョウモンモドキ,""キク科（マアザミ、ノアザミ、タムラソウ、ヒメヒゴタイ、ハバヤマボクチ、ゴボウ）"""
"日本産蝶類標準図鑑,タテハチョウ科,タテハチョウ亜科,Melitaea,protomedia,ウスイロヒョウモンモドキ,""オミナエシ、カノコソウ、オトコエシ"""
"日本産蝶類標準図鑑,タテハチョウ科,タテハチョウ亜科,Araschnia,levana,アカマダラ,イラクサ科のエゾイラクサ、ホソバイラクサ"
"日本産蝶類標準図鑑,タテハチョウ科,タテハチョウ亜科,Araschnia,burejana,サカハチチョウ,""イラクサ科（ミヤマイラクサ、エゾイラクサ、ムカゴイラクサ、イラクサ、ホソバイラクサ、コアカソ、アカソ、クサコアカソ、メヤブマオ、ヤブマオ、カラムシ）"""
"日本産蝶類標準図鑑,タテハチョウ科,タテハチョウ亜科,Vanessa,cardui,ヒメアカタテハ,""キク科（ゴボウ、サワアザミ、ハハコグサ、ヨモギ、カワラヨモギ、オオヨモギ、ハマヨモギ、シュンギク、ヤグルマギク、チチコグサモドキ）、イラクサ科（カラムシ、エゾイラクサ）、アオイ科のゼニアオイ、オオバコ科のオオバコ、ムラサキ科のヒレハリソウ、マメ科のダイズ"""
"日本産蝶類標準図鑑,タテハチョウ科,タテハチョウ亜科,Vanessa,indica,アカタテハ,""イラクサ科（イラクサ、ホソバイラクサ、エゾイラクサ、ミヤマイラクサ、アカソ、コアカソ、カラムシ、ナンバンカラムシ、ヤブマオ、サイカイヤブマオ、ハマヤブマオ、メヤブマオ、ニオウヤブマオ、カテンソウ、ラセイタソウ、オオイワガネ）、ニレ科（ハルニレ、マンシュウニレ、オヒョウ、ケヤキ）、アオイ科のタチアオイ、クワ科（カラムグラ、カラハナソウ、アサ、ホップ、カジノキ）"""
"日本産蝶類標準図鑑,タテハチョウ科,タテハチョウ亜科,Polygonia,c-aureum,キタテハ,""クワ科のカナムグラ、アサ、イラクサ科のホソバイラクサ、カラハナソウ"""
"日本産蝶類標準図鑑,タテハチョウ科,タテハチョウ亜科,Polygonia,c-album,シータテハ,""ニレ科（ハルニレ、アキニレ、ノニレ、オヒョウ、エノキ、エゾエノキ）、クワ科（ホップ、カラハナソウ）、イラクサ科（コアカソ、ホソバイラクサ、アカソ）"""
"日本産蝶類標準図鑑,タテハチョウ科,タテハチョウ亜科,Nymphalis,l-album,エルタテハ,""ニレ科（ハルニレ、オヒョウ、ノニレ）、カバノキ科（ウダイカンバ、シラカンバ、ダケカンバ）"""
"日本産蝶類標準図鑑,タテハチョウ科,タテハチョウ亜科,Nymphalis,xanthomelas,ヒオドシチョウ,""ニレ科（エノキ、エゾエノキ、ハルニレ、オヒョウ、アキニレ、ケヤキ）、ヤナギ科（シロヤナギ、エゾヤナギ、キヌヤナギ、キスヤナギ、シダレヤナギ、オオバヤナギ、シバヤナギなど）"""
"日本産蝶類標準図鑑,タテハチョウ科,タテハチョウ亜科,Nymphalis,antiopa,キベリタテハ,""ヤナギ科（オオバヤナギ、バッコヤナギ、エゾノバッコヤナギ、ドロノキ）、カバノキ科（ダケカンバ、ウダイカンバ、シラカンバ、エゾノオオシラカンバ）"""
"日本産蝶類標準図鑑,タテハチョウ科,タテハチョウ亜科,Aglais,urticae,コヒオドシ,イラクサ科のコバノイラクサ、オオバイラクサ、エゾイラクサ、イラクサ、ムカゴイラクサ"
"日本産蝶類標準図鑑,タテハチョウ科,タテハチョウ亜科,Inachis,io,クジャクチョウ,""イラクサ科（イラクサ、エゾイラクサ、ホソバイラクサ、オオバイラクサ、ムカゴイラクサ、ミヤマイラクサ、アカソ）、クワ科のカラハナソウ、ホップ"""
"日本産蝶類標準図鑑,タテハチョウ科,タテハチョウ亜科,Kaniska,canace,ルリタテハ,""ユリ科（サルトリイバラ、オキナワサルトリイバラ、ハマサルトリイバラ、シオデ、ヤマカシュウ、サツマサンキライ、カラスキバサンキライ、ササバサンキライ、タイワンホトトギス、ホトトギス、ヤマホトトギス、ヤマジノホトトギス、タマガワホトトギス、オニユリ、ヤマユリ、カノコユリ、ウバユリ、オオウバユリ、リーガルリリー、カサブランカ、エゾスカシユリ、タカサゴユリ、ササユリ、オオバタケシマラン、サルマメ）"""
"日本産蝶類標準図鑑,タテハチョウ科,タテハチョウ亜科,Junonia,almana,タテハモドキ,""クマツヅラ科のイワダレソウ、キツネノマゴ科（オギノツメ、セイタカスズムシソウ、ケブカルイラソウ、スズムシバナ）、ゴマノハグサ科のスズメノトウガラシ"""
"日本産蝶類標準図鑑,タテハチョウ科,タテハチョウ亜科,Junonia,orithya,アオタテハモドキ,""キツネノマゴ科（オギノツメ、セイタカスズムシソウ、キツネノマゴ、ハグロソウ）"""
"日本産蝶類標準図鑑,タテハチョウ科,タテハチョウ亜科,Junonia,hedonia,イワサキタテハモドキ,キツネノマゴ科のコメススキ、キツネノヒマゴ"
"日本産蝶類標準図鑑,タテハチョウ科,タテハチョウ亜科,Doleschallia,bisaltide,イワサキコノハ,イラクサ科のハドノキ"
"日本産蝶類標準図鑑,タテハチョウ科,タテハチョウ亜科,Kallima,inachus,コノハチョウ,キツネノマゴ科のオキナワスズムシソウ"
"日本産蝶類標準図鑑,タテハチョウ科,タテハチョウ亜科,Hypolimnas,misippus,メスアカムラサキ,スベリヒユ科のスベリヒユ"
"日本産蝶類標準図鑑,タテハチョウ科,タテハチョウ亜科,Hypolimnas,bolina,リュウキュウムラサキ,""イラクサ科（ヤナギイチゴ、オオバコケミズ、コバノイワガネ、ハマヤブマオ）、キツネノマゴ科のオギノツメ、アオイ科のブッソウゲ"""
"日本産蝶類標準図鑑,タテハチョウ科,タテハチョウ亜科,Hypolimnas,anomala,ヤエヤマムラサキ,イラクサ科のオオバコケミズ、コバノイワガネ"
"日本産蝶類標準図鑑,タテハチョウ科,イチモンジチョウ亜科,Cyrestis,thyodamas,イシガケチョウ,""クワ科（イヌビワ、オオイタビ、アコウ、ガジュマル、イチジク、ヒメイタビ、オオバイヌビワ）"""
"日本産蝶類標準図鑑,タテハチョウ科,ドクチョウ亜科,Brenthis,hecate,ホソバヒョウモン,""バラ科（ヒロハノカワラサイコ、ミツバツチグリ、ヘビイチゴ）、マメ科のツルフジバカマ、タデ科のナツユキカズラ"""
"日本産蝶類標準図鑑,タテハチョウ科,ドクチョウ亜科,Brenthis,ino,カラフトヒョウモン,バラ科のワレモコウ、ナガボノシロワレモコウ"
"日本産蝶類標準図鑑,タテハチョウ科,ドクチョウ亜科,Boloria,pales,アサヒヒョウモン,スミレ科のミヤマキスミレ"
"日本産蝶類標準図鑑,タテハチョウ科,ドクチョウ亜科,Boloria,iphigenia,コヒョウモン,スミレ科のミヤマスミレ"
"日本産蝶類標準図鑑,タテハチョウ科,ドクチョウ亜科,Brenthis,daphne,ヒョウモンチョウ,""バラ科のワレモコウ、カライトソウ、エゾノシロバナシモツケ"""
"日本産蝶類標準図鑑,タテハチョウ科,ドクチョウ亜科,Argyronome,laodice,ウラギンスジヒョウモン,""スミレ科（スミレ、タチツボスミレ、オオタチツボスミレ、ナガバノタチツボスミレ、アケボノスミレ、ノジスミレ）"""
"日本産蝶類標準図鑑,タテハチョウ科,ドクチョウ亜科,Argyronome,ruslana,オオウラギンスジヒョウモン,""スミレ科（オオバキスミレ、ナガバノアリアケスミレ、タチツボスミレ）"""
"日本産蝶類標準図鑑,タテハチョウ科,ドクチョウ亜科,Nephargynnis,anadyomene,クモガタヒョウモン,スミレ科（スミレサイシン、ナガハシスミレ、ヒゴスミレ、エイザンスミレ、タチツボスミレ、コスミレ、ノジスミレ、ヒメスミレ）"
"日本産蝶類標準図鑑,タテハチョウ科,ドクチョウ亜科,Damora,sagana,メスグロヒョウモン,""スミレ科（タチツボスミレ、オオタチツボスミレ、ナガバノタチツボスミレ、ニオイタチツボスミレ、アケボノスミレ、ヒメスミレ）"""
"日本産蝶類標準図鑑,タテハチョウ科,ドクチョウ亜科,Argynnis,paphia,ミドリヒョウモン,""スミレ科（タチツボスミレ、オオバキスミレ、ミヤマスミレ、ナガバノスミレサイシン、エゾノタチツボスミレ、アイヌタチツボスミレ、スミレサイシン、エゾアオイスミレ、ヒカゲスミレ）"""
"日本産蝶類標準図鑑,タテハチョウ科,ドクチョウ亜科,Speyeria,aglaja,ギンボシヒョウモン,スミレ科（ミヤマスミレ、オオバキスミレ）"
"日本産蝶類標準図鑑,タテハチョウ科,ドクチョウ亜科,Fabriciana,adippe,ウラギンヒョウモン,""スミレ科（タチツボスミレ、オオタチツボスミレ、ナガバノタチツボスミレ、ニオイタチツボスミレ、アケボノスミレ、ヒカゲスミレ、コスミレ、ミヤマスミレ、スミレサイシン）"""
"日本産蝶類標準図鑑,タテハチョウ科,ドクチョウ亜科,Fabriciana,nerippe,オオウラギンヒョウモン,""スミレ科（スミレ、ノジスミレ、アリアケスミレ、ヒメスミレ、コスミレ）"""
"日本産蝶類標準図鑑,タテハチョウ科,ドクチョウ亜科,Argyreus,hyperbius,ツマグロヒョウモン,""スミレ科（パンジー、ビオラ、タチツボスミレ、コスミレ、ノジスミレ、スミレ、リュウキュウコスミレ、リュウキュウシロスミレ）"""
"日本産蝶類標準図鑑,タテハチョウ科,ドクチョウ亜科,Argyreus,childreni,ウラベニヒョウモン,""不明（国外ではスミレ科が記録）"""
"日本産蝶類標準図鑑,タテハチョウ科,イチモンジチョウ亜科,Symbrenthia,lilaea,タイワンキマダラ,イラクサ科のコバノイワガネ"
"日本産蝶類標準図鑑,タテハチョウ科,イチモンジチョウ亜科,Ariadne,ariadne,カバタテハ,トウダイグサ科のヒマ"
"日本産蝶類標準図鑑,タテハチョウ科,イチモンジチョウ亜科,Dichorragia,nesimachus,スミナガシ,""アワブキ科（アワブキ、リュウキュウアワブキ、ヤマビワ）"""
"日本産蝶類標準図鑑,タテハチョウ科,イチモンジチョウ亜科,Neptis,pryeri,ヤエヤマイチモンジ,マメ科のリュウキュウフジ"
"日本産蝶類標準図鑑,タテハチョウ科,イチモンジチョウ亜科,Athyma,perius,シロミスジ,ミサオノキ"
"日本産蝶類標準図鑑,タテハチョウ科,イチモンジチョウ亜科,Neptis,alwina,ミスジチョウ,""バラ科のコデマリ、ユキヤナギ、シモツケ"""
"日本産蝶類標準図鑑,タテハチョウ科,イチモンジチョウ亜科,Neptis,sappho,オオミスジ,""マメ科のハギ類、クズ、ニセアカシア、フジ"""
"日本産蝶類標準図鑑,タテハチョウ科,イチモンジチョウ亜科,Neptis,hylas,ホシミスジ,""マメ科（タマツナギ、フジ、クズ、タイワンクズ、トビカズラ）"""
"日本産蝶類標準図鑑,タテハチョウ科,イチモンジチョウ亜科,Neptis,rivularis,フタスジチョウ,バラ科のシモツケ"
"日本産蝶類標準図鑑,タテハチョウ科,イチモンジチョウ亜科,Neptis,philyra,コミスジ,""バラ科のイワガサ、コゴメウツギ、ユキヤナギ"""
"日本産蝶類標準図鑑,タテハチョウ科,イチモンジチョウ亜科,Limenitis,camilla,イチモンジチョウ,""スイカズラ科（スイカズラ、ニンドウ、キンギンボク、ヒョウタンボク）"""
"日本産蝶類標準図鑑,タテハチョウ科,イチモンジチョウ亜科,Limenitis,glorifica,アサマイチモンジ,スイカズラ科のスイカズラ"
"日本産蝶類標準図鑑,タテハチョウ科,イチモンジチョウ亜科,Limenitis,populi,オオイチモンジ,""ヤナギ科（ドロノキ、ヤマナラシ、オオバヤナギ）"""
"日本産蝶類標準図鑑,タテハチョウ科,フタオチョウ亜科,Polyura,eudamippus,フタオチョウ,""マメ科（ハカマカズラ、トビカズラ、コウシュンモダマ）"""
"日本産蝶類標準図鑑,タテハチョウ科,コムラサキ亜科,Hestina,persimilis,ゴマダラチョウ,ニレ科のエノキ"
"日本産蝶類標準図鑑,タテハチョウ科,コムラサキ亜科,Hestina,assimilis,アカボシゴマダラ,""ニレ科のエノキ、エゾエノキ、リュウキュウエノキ"""
"日本産蝶類標準図鑑,タテハチョウ科,コムラサキ亜科,Apatura,metis,コムラサキ,ヤナギ科のヤナギ類（シダレヤナギ、ネコヤナギなど）"
"日本産蝶類標準図鑑,タテハチョウ科,コムラサキ亜科,Sasakia,charonda,オオムラサキ,""ニレ科のエノキ、エゾエノキ"""
"日本産蝶類標準図鑑,タテハチョウ科,ジャノメチョウ亜科,Erebia,niphonica,ベニヒカゲ,イネ科のヒゲノガリヤス"
"日本産蝶類標準図鑑,タテハチョウ科,ジャノメチョウ亜科,Erebia,ligea,クモマベニヒカゲ,ヒエスゲ"
"日本産蝶類標準図鑑,タテハチョウ科,ジャノメチョウ亜科,Oeneis,norna,タカネヒカゲ,タカネスゲ"
"日本産蝶類標準図鑑,タテハチョウ科,ジャノメチョウ亜科,Oeneis,melissa,ダイセツタカネヒカゲ,イワスゲ"
"日本産蝶類標準図鑑,タテハチョウ科,ジャノメチョウ亜科,Coenonympha,oedippus,ヒメヒカゲ,""ヒカゲスゲ、アゼスゲ、カサスゲ、アブラシバ、シバスゲ"""
"日本産蝶類標準図鑑,タテハチョウ科,ジャノメチョウ亜科,Coenonympha,amaryllis,シロオビヒメヒカゲ,""イネ科（チヂミザサ、カモジグサ、アズマザサ）"""
"日本産蝶類標準図鑑,タテハチョウ科,ジャノメチョウ亜科,Ypthima,argus,ヒメウラナミジャノメ,""イネ科（チヂミザサ、ササガヤ、ススキ、チガヤ、カヤ）"""
"日本産蝶類標準図鑑,タテハチョウ科,ジャノメチョウ亜科,Ypthima,multistriata,ウラナミジャノメ,""イネ科（ススキ、アズマザサ、カモジグサ）"""
"日本産蝶類標準図鑑,タテハチョウ科,ジャノメチョウ亜科,Ypthima,riukiuana,リュウキュウウラナミジャノメ,""イネ科（ススキ、リュウキュウチク、メヒシバ）"""
"日本産蝶類標準図鑑,タテハチョウ科,ジャノメチョウ亜科,Ypthima,esakii,ヤエヤマウラナミジャノメ,""イネ科（タイワンウシノケグサ、オオヒゲシバ）"""
"日本産蝶類標準図鑑,タテハチョウ科,ジャノメチョウ亜科,Ypthima,masakii,マサキウラナミジャノメ,""イネ科（タイワンウシノケグサ、コウシュンウシノケグサ）"""
"日本産蝶類標準図鑑,タテハチョウ科,ジャノメチョウ亜科,Mycalesis,francisca,コジャノメ,""イネ科（チヂミザサ、ススキ、オオススキ、アズマザサ）"""
"日本産蝶類標準図鑑,タテハチョウ科,ジャノメチョウ亜科,Mycalesis,gotama,ヒメジャノメ,""イネ科（チヂミザサ、ススキ、アズマザサ、メダケ、メヒシバ）"""
"日本産蝶類標準図鑑,タテハチョウ科,ジャノメチョウ亜科,Mycalesis,madjicosa,リュウキュウヒメジャノメ,""イネ科（ススキ、タイワンウシノケグサ、リュウキュウチク）"""
"日本産蝶類標準図鑑,タテハチョウ科,ジャノメチョウ亜科,Lasiommata,deidamia,ウラジャノメ,""イネ科（チヂミザサ、ノガリヤス）"""
"日本産蝶類標準図鑑,タテハチョウ科,ジャノメチョウ亜科,Lasiommata,epimenides,ツマジロウラジャノメ,""イネ科（チヂミザサ、イワノガリヤス、ヒメノガリヤス）"""
"日本産蝶類標準図鑑,タテハチョウ科,ジャノメチョウ亜科,Kirinia,epaminondas,キマダラモドキ,イネ科のチヂミザサ"
"日本産蝶類標準図鑑,タテハチョウ科,ジャノメチョウ亜科,Ninguta,schrenckii,オオヒカゲ,イネ科のササ類"
"日本産蝶類標準図鑑,タテハチョウ科,ジャノメチョウ亜科,Minois,dryas,ジャノメチョウ,イネ科のススキ"
"日本産蝶類標準図鑑,タテハチョウ科,ジャノメチョウ亜科,Melanitis,leda,ウスイロコノマチョウ,""イネ科（ススキ、アシ、サトウキビ、ジュズダマ、チガヤ、ヨシ、カヤ）"""
"日本産蝶類標準図鑑,タテハチョウ科,ジャノメチョウ亜科,Melanitis,phedima,クロコノマチョウ,""イネ科（ジュズダマ、ススキ、チガヤ、アシ、オギ）"""
"日本産蝶類標準図鑑,タテハチョウ科,ジャノメチョウ亜科,Lethe,sicelis,シロオビヒカゲ,""イネ科（アズマザサ、チマキザサ、ミヤコザサ）"""
"日本産蝶類標準図鑑,タテハチョウ科,ジャノメチョウ亜科,Lethe,diana,クロヒカゲ,""イネ科（アズマザサ、メダケ、ネザサ、ミヤコザサ、カンザンチク、ヤダケ）"""
"日本産蝶類標準図鑑,タテハチョウ科,ジャノメチョウ亜科,Lethe,marginalis,ヒカゲチョウ,""イネ科（アズマザサ、ミヤコザサ）"""
"日本産蝶類標準図鑑,タテハチョウ科,ジャノメチョウ亜科,Lethe,kansa,クロヒカゲモドキ,""イネ科（ミヤコザサ、アズマザサ、チマキザサ）"""
"日本産蝶類標準図鑑,タテハチョウ科,ジャノメチョウ亜科,Zophoessa,callipteris,ヒメキマダラヒカゲ,イネ科のチマキザサ、ミヤコザサ"
"日本産蝶類標準図鑑,タテハチョウ科,ジャノメチョウ亜科,Neope,goschkevitschii,サトキマダラヒカゲ,""イネ科（スズタケ、ミヤコザサ）"""
"日本産蝶類標準図鑑,タテハチョウ科,ジャノメチョウ亜科,Neope,niphonica,ヤマキマダラヒカゲ,""イネ科（スズタケ、メダケ、オカメザサ）"""
"日本産蝶類標準図鑑,タテハチョウ科,マダラチョウ亜科,Idea,leuconoe,オオゴマダラ,""キョウチクトウ科（ホウライカガミ、ホウライイケマ）"""
"日本産蝶類標準図鑑,タテハチョウ科,マダラチョウ亜科,Tirumala,septentrionis,ウスコモンマダラ,""キョウチクトウ科のホウライカガミ、リュウキュウガシワ"""
"日本産蝶類標準図鑑,タテハチョウ科,マダラチョウ亜科,Parantica,swinhoei,リュウキュウアサギマダラ,""ガガイモ科（ツルモウリンカ、コイケマ、サクララン）"""
"日本産蝶類標準図鑑,タテハチョウ科,マダラチョウ亜科,Parantica,aglea,ヒメアサギマダラ,""不明（国外ではガガイモ科、キョウチクトウ科が記録）"""
"日本産蝶類標準図鑑,タテハチョウ科,マダラチョウ亜科,Parantica,melaneus,タイワンアサギマダラ,""不明（国外ではガガイモ科が記録）"""
"日本産蝶類標準図鑑,タテハチョウ科,マダラチョウ亜科,Parantica,sita,アサギマダラ,""キョウチクトウ科（キジョラン、イケマ、コイケマ、サクララン、カモメヅル、オオカモメヅル）"""
"日本産蝶類標準図鑑,タテハチョウ科,マダラチョウ亜科,Anosia,chrysippus,カバマダラ,ガガイモ科のフウセントウワタ、トウワタ"
"日本産蝶類標準図鑑,タテハチョウ科,マダラチョウ亜科,Salatura,genutia,スジグロカバマダラ,ガガイモ科のツルモウリンカ、トウワタ、フウセントウワタ"
"日本産蝶類標準図鑑,タテハチョウ科,マダラチョウ亜科,Euploea,core,ミナミムラサキマダラ,""キョウチクトウ科（キョウチクトウ、ミフクラギ）"""
"日本産蝶類標準図鑑,タテハチョウ科,マダラチョウ亜科,Euploea,eunice,マルバネルリマダラ,""クワ科（イヌビワ、アコウ）、キョウチクトウ科のテイカカズラ"""
"日本産蝶類標準図鑑,タテハチョウ科,マダラチョウ亜科,Euploea,mulciber,ルリマダラ,クワ科のオオバイヌビワ、ホソバイヌビワ"
"日本産蝶類標準図鑑,タテハチョウ科,マダラチョウ亜科,Euploea,tulliolus,ツマムラサキマダラ,""キョウチクトウ科のホウライカガミ、クワ科のガジュマル"""
"日本産蝶類標準図鑑,タテハチョウ科,マダラチョウ亜科,Euploea,leucostictos,シロオビマダラ,クワ科のガジュマル"
"日本産蝶類標準図鑑,タテハチョウ科,マダラチョウ亜科,Euploea,sylvester,ガランピマダラ,クワ科のオオバイヌビワ"
"日本産蝶類標準図鑑,セセリチョウ科,,Badamia,exclamationis,アオバセセリ,ヒルガオ科のサツマイモ、アサガオ、ノアサガオ"
"日本産蝶類標準図鑑,セセリチョウ科,,Ismene,compunis,タイワンアオバセセリ,""不明（国外ではアカネ科が記録）"""
"日本産蝶類標準図鑑,セセリチョウ科,,Hasora,anura,オキナワビロウドセセリ,マメ科のハカマカズラ"
"日本産蝶類標準図鑑,セセリチョウ科,,Hasora,taminatus,テツイロビロウドセセリ,マメ科のハカマカズラ"
"日本産蝶類標準図鑑,セセリチョウ科,,Bibasis,aquilina,キバネセセリ,""ウコギ科（タラノキ、ウド、ハリギリ、コシアブラ）"""
"日本産蝶類標準図鑑,セセリチョウ科,,Tagiades,cohaerens,コウトウシロシタセセリ,""ヤマノイモ科（リュウキュウカシュウイモ、ニガカシュウ）"""
"日本産蝶類標準図鑑,セセリチョウ科,,Daimio,tethys,ダイミョウセセリ,""ヤマノイモ科（ヤマノイモ、オニドコロ、タチドコロ、カエデドコロ）"""
"日本産蝶類標準図鑑,セセリチョウ科,,Pyrgus,maculatus,チャマダラセセリ,""バラ科（キジムシロ、エゾノヘビイチゴ、ミツバツチグリ、テリハキンバイ）"""
"日本産蝶類標準図鑑,セセリチョウ科,,Pyrgus,malvae,ヒメチャマダラセセリ,""バラ科のキジムシロ、ミツバツチグリ"""
"日本産蝶類標準図鑑,セセリチョウ科,,Erynnis,montanus,ミヤマセセリ,""ブナ科（コナラ、ミズナラ、クヌギ、カシワ、アベマキ、ナラガシワ）"""
"日本産蝶類標準図鑑,セセリチョウ科,,Leptalina,unicolor,ギンイチモンジセセリ,イネ科のススキ"
"日本産蝶類標準図鑑,セセリチョウ科,,Isoteinon,lamprospilus,ホソバセセリ,""イネ科（ヨシ、ツルヨシ）"""
"日本産蝶類標準図鑑,セセリチョウ科,,Carterocephalus,palaemon,タカネキマダラセセリ,""イネ科（ヒメノガリヤス、アズマザサ）"""
"日本産蝶類標準図鑑,セセリチョウ科,,Carterocephalus,silvicola,カラフトタカネキマダラセセリ,イネ科"
"日本産蝶類標準図鑑,セセリチョウ科,,Aeromachus,inachus,ホシチャバネセセリ,イネ科のチヂミザサ"
"日本産蝶類標準図鑑,セセリチョウ科,,Thoressa,varia,コチャバネセセリ,イネ科のササ類（アズマザサ、ミヤコザサ）"
"日本産蝶類標準図鑑,セセリチョウ科,,Hesperia,comma,カラフトセセリ,""イネ科（ノガリヤス、エゾノガリヤス）、マメ科のシロツメクサ、ミヤコグサ"""
"日本産蝶類標準図鑑,セセリチョウ科,,Ochlodes,subhyalinus,スジグロチャバネセセリ,イネ科のススキ"
"日本産蝶類標準図鑑,セセリチョウ科,,Ochlodes,ochraceus,ヘリグロチャバネセセリ,""イネ科（チヂミザサ、ヌカキビ、アズマザサ）"""
"日本産蝶類標準図鑑,セセリチョウ科,,Ochlodes,sylvanus,ヒメキマダラセセリ,""イネ科（チヂミザサ、チゴザサ、スズメガヤ）"""
"日本産蝶類標準図鑑,セセリチョウ科,,Ochlodes,asahinai,アサヒナキマダラセセリ,イネ科のトダシバ"
"日本産蝶類標準図鑑,セセリチョウ科,,Ochlodes,venatus,コキマダラセセリ,""イネ科（ススキ、ヨシ、ツルヨシ、チガヤ、カヤ）"""
"日本産蝶類標準図鑑,セセリチョウ科,,Hesperia,florinda,アカセセリ,""イネ科（ススキ、アズマザサ、トダシバ、カモジグサ、チヂミザサ）"""
"日本産蝶類標準図鑑,セセリチョウ科,,Potanthus,flavus,キマダラセセリ,""イネ科（ススキ、アシ、チガヤ、メダケ、メヒシバ）"""
"日本産蝶類標準図鑑,セセリチョウ科,,Telicota,colon,ネッタイアカセセリ,""イネ科（サトウキビ、ススキ、カンショ）"""
"日本産蝶類標準図鑑,セセリチョウ科,,Erionota,torus,バナナセセリ,""バショウ科（バナナ、バショウ、イトバショウ、カンナ）"""
"日本産蝶類標準図鑑,セセリチョウ科,,Udaspes,folus,オオシロモンセセリ,""ショウガ科（ゲットウ、ハナミョウガ、アオノクマタケラン）"""
"日本産蝶類標準図鑑,セセリチョウ科,,Notocrypta,curvifascia,クロセセリ,""ショウガ科（ミョウガ、ハナミョウガ）"""
"日本産蝶類標準図鑑,セセリチョウ科,,Polytremis,pellucida,オオチャバネセセリ,""イネ科（アズマザサ、チマキザサ、ミヤコザサ、スズタケ）"""
"日本産蝶類標準図鑑,セセリチョウ科,,Polytremis,mori,ミヤマチャバネセセリ,イネ科のササ類"
"日本産蝶類標準図鑑,セセリチョウ科,,Parnara,bada,トガリチャバネセセリ,イネ科（イネ、ヨシ、マコモ、アシボソ）"
"日本産蝶類標準図鑑,セセリチョウ科,,Parnara,guttata,チャバネセセリ,""イネ科（イネ、ススキ、アシ、ヨシ、ジュズダマ、マコモ）"""
"日本産蝶類標準図鑑,セセリチョウ科,,Borbo,cinnara,ユウレイセセリ,""イネ科（サトウキビ、メヒシバ、ススキ、トウモロコシ）"""
"日本産蝶類標準図鑑,セセリチョウ科,,Pelopidas,jansonis,ヒメイチモンジセセリ,""イネ科（ススキ、メヒシバ）"""
"日本産蝶類標準図鑑,セセリチョウ科,,Parnara,ogasawarensis,オガサワラセセリ,不明"
"日本産蝶類標準図鑑,セセリチョウ科,,Parnara,guttata,イチモンジセセリ,""イネ科（イネ、ススキ、アシ、ヨシ、チガヤ、エノコログサ）"""