科,亜科,属,種小名,和名
ハムシ科,ヒゲナガハムシ亜科,Altica,aenea,カミナリハムシ
ハムシ科,ヒゲナガハムシ亜科,Altica,birmanensis,ビルマカミナリハムシ
ハムシ科,ヒゲナガハムシ亜科,Altica,caerulescens,ヒメカミナリハムシ
ハムシ科,ヒゲナガハムシ亜科,Altica,circaeae,ミズタマソウカミナリハムシ
ハムシ科,ヒゲナガハムシ亜科,Altica,cirsicola,アザミカミナリハムシ
ハムシ科,ヒゲナガハムシ亜科,Altica,fragariae,イチゴカミナリハムシ
ハムシ科,ヒゲナガハムシ亜科,Altica,japonica,キタカミナリハムシ
ハムシ科,ヒゲナガハムシ亜科,Altica,kimotoi,ミヤマアザミカミナリハムシ
ハムシ科,ヒゲナガハムシ亜科,Altica,komiyai,コミヤカミナリハムシ
ハムシ科,ヒゲナガハムシ亜科,Altica,kurosawai,クロサワカミナリハムシ
ハムシ科,ヒゲナガハムシ亜科,Altica,latericosta,スジカミナリハムシ　基亜種
ハムシ科,ヒゲナガハムシ亜科,Altica,latericosta,スジカミナリハムシ　本州四国九州亜種
ハムシ科,ヒゲナガハムシ亜科,Altica,nipponica,ニホンカミナリハムシ
ハムシ科,ヒゲナガハムシ亜科,Altica,oleracea,アカバナカミナリハムシ
ハムシ科,ヒゲナガハムシ亜科,Altica,sanguisorbae,クロカミナリハムシ
ハムシ科,ヒゲナガハムシ亜科,Altica,viridicyanea,コカミナリハムシ
ハムシ科,ヒゲナガハムシ亜科,Amphimela,metallica,レモントビハムシ
ハムシ科,ヒゲナガハムシ亜科,Aphthona,abdominalis,キイロツブノミハムシ
ハムシ科,ヒゲナガハムシ亜科,Aphthona,albescens,オキナワアシナガトビハムシ
ハムシ科,ヒゲナガハムシ亜科,Aphthona,amamiana,アマミツブノミハムシ
ハムシ科,ヒゲナガハムシ亜科,Aphthona,erichsoni,キアシツブノミハムシ1
ハムシ科,ヒゲナガハムシ亜科,Aphthona,formosana,タイワンツブノミハムシ
ハムシ科,ヒゲナガハムシ亜科,Aphthona,hakonensis,ハコネツブノミハムシ
ハムシ科,ヒゲナガハムシ亜科,Aphthona,interstitialis,アヤメツブノミハムシ
ハムシ科,ヒゲナガハムシ亜科,Aphthona,kurosawai,クロサワツブノミハムシ
ハムシ科,ヒゲナガハムシ亜科,Aphthona,perminuta,ツブノミハムシ
ハムシ科,ヒゲナガハムシ亜科,Aphthona,semiviridis,キアシツブノミハムシ2
ハムシ科,ヒゲナガハムシ亜科,Aphthona,strigosa,サメハダツブノミハムシ
ハムシ科,ヒゲナガハムシ亜科,Aphthonaltica,angustata,ホソルリトビハムシ
ハムシ科,ヒゲナガハムシ亜科,Aphthonoides,beccaril,トゲアシトビハムシ
ハムシ科,ヒゲナガハムシ亜科,Argopistes,biplagiatus,テントウノミハムシ
ハムシ科,ヒゲナガハムシ亜科,Argopistes,rufus,ヘリグロテントウノミハムシ
ハムシ科,ヒゲナガハムシ亜科,Argopistes,ryukyuensis,リュウキュウテントウノミハムシ
ハムシ科,ヒゲナガハムシ亜科,Argopistes,tsekooni,ヒメテントウノミハムシ
ハムシ科,ヒゲナガハムシ亜科,Argopistes,unicolor,クロテントウノミハムシ
ハムシ科,ヒゲナガハムシ亜科,Argopus,balyi,オオキイロマルノミハムシ
ハムシ科,ヒゲナガハムシ亜科,Argopus,clarki,クラークマルノミハムシ
ハムシ科,ヒゲナガハムシ亜科,Argopus,clypeatus,オオアカマルノミハムシ
ハムシ科,ヒゲナガハムシ亜科,Argopus,nigripennis,クロバネマルノミハムシ
ハムシ科,ヒゲナガハムシ亜科,Argopus,punctipennis,アカイロマルノミハムシ
ハムシ科,ヒゲナガハムシ亜科,Argopus,unicolor,ウスイロマルノミハムシ
ハムシ科,ヒゲナガハムシ亜科,Batophila,acutangula,ハネナシトビハムシ
ハムシ科,ヒゲナガハムシ亜科,Batophila,latissima,ハバビロハネナシトビハムシ
ハムシ科,ヒゲナガハムシ亜科,Bikasha,collaris,フタイロセマルトビハムシ
ハムシ科,ヒゲナガハムシ亜科,Bikasha,nipponica,コバンマメトビハムシ
ハムシ科,ヒゲナガハムシ亜科,Bikasha,simplicithorax,キイロマメトビハムシ
ハムシ科,ヒゲナガハムシ亜科,Cangshanaltica,ogatai,オガタマンマルトビハムシ
ハムシ科,ヒゲナガハムシ亜科,Chaetocnema,(Chaetocnema),オカボヒサゴトビハムシ
ハムシ科,ヒゲナガハムシ亜科,Chaetocnema,(Chaetocnema),ヒメドウガネトビハムシ
ハムシ科,ヒゲナガハムシ亜科,Chaetocnema,(Chaetocnema),キイチゴヒサゴトビハムシ
ハムシ科,ヒゲナガハムシ亜科,Chaetocnema,(Chaetocnema),ムギヒサゴトビハムシ
ハムシ科,ヒゲナガハムシ亜科,Chaetocnema,(Chaetocnema),ヤマヒサゴトビハムシ
ハムシ科,ヒゲナガハムシ亜科,Chaetocnema,(Chaetocnema),ヒサゴトビハムシ
ハムシ科,ヒゲナガハムシ亜科,Chaetocnema,(Chaetocnema),ワタラセヒサゴトビハムシ
ハムシ科,ヒゲナガハムシ亜科,Chaetocnema,(Tlanoma),フタイロヒサゴトビハムシ
ハムシ科,ヒゲナガハムシ亜科,Chaetocnema,(Tlanoma),テンサイトビハムシ
ハムシ科,ヒゲナガハムシ亜科,Chaetocnema,(Tlanoma),サツマイモヒサゴトビハムシ
ハムシ科,ヒゲナガハムシ亜科,Chaetocnema,(Tlanoma),クサイチゴトビハムシ
ハムシ科,ヒゲナガハムシ亜科,Chaetocnema,(Tlanoma),カンミヤヒサゴトビハムシ
ハムシ科,ヒゲナガハムシ亜科,Chaetocnema,(Tlanoma),ニセテンサイトビハムシ
ハムシ科,ヒゲナガハムシ亜科,Chaetocnema,(Tlanoma),アオバドウガネトビハムシ
ハムシ科,ヒゲナガハムシ亜科,Chaetocnema,(Tlanoma),オオヒサゴトビハムシ
ハムシ科,ヒゲナガハムシ亜科,Chaetocnema,(Tlanoma),キイチゴトビハムシ
ハムシ科,ヒゲナガハムシ亜科,Chaetocnema,(Udorpes),タイワンヒサゴトビハムシ
ハムシ科,ヒゲナガハムシ亜科,Chaetocnema,(Udorpes),ウミベヒサゴトビハムシ
ハムシ科,ヒゲナガハムシ亜科,Clavicornaltica,nakanoi,エグリヒゲブトコマルトビハムシ
ハムシ科,ヒゲナガハムシ亜科,Clavicornaltica,sakishimana,サキシマヒゲブトコマルトビハムシ
ハムシ科,ヒゲナガハムシ亜科,Clavicornaltica,tokushigei,ツマキレヒゲブトコマルトビハムシ
ハムシ科,ヒゲナガハムシ亜科,Crepidodera,japonica,ミドリトビハムシ
ハムシ科,ヒゲナガハムシ亜科,Crepidodera,sahalinensis,スズキミドリトビハムシ
ハムシ科,ヒゲナガハムシ亜科,Crepidodera,yahiroi,ヤヒロミドリトビハムシ
ハムシ科,ヒゲナガハムシ亜科,Dibolia,(Dibolia),ヤハズトビハムシ
ハムシ科,ヒゲナガハムシ亜科,Disonycha,politula,メリケントビハムシ
ハムシ科,ヒゲナガハムシ亜科,Epitrix,hirtipennis,タバコノミハムシ
ハムシ科,ヒゲナガハムシ亜科,Euphitrea,nisotroides,ニセタマトビハムシ
ハムシ科,ヒゲナガハムシ亜科,Halticorcus,duodecimmaculata,ジュウニホシニセマルトビハムシ
ハムシ科,ヒゲナガハムシ亜科,Halticorcus,hiranoi,ヒラノニセマルトビハムシ
ハムシ科,ヒゲナガハムシ亜科,Halticorcus,kasuga,トホシニセマルトビハムシ
ハムシ科,ヒゲナガハムシ亜科,Halticorcus,sauteri,ムツボシニセマルトビハムシ　基亜種
ハムシ科,ヒゲナガハムシ亜科,Halticorcus,sauteri,ムツボシニセマルトビハムシ　屋久島亜種
ハムシ科,ヒゲナガハムシ亜科,Hemipyxis,balyi,ヨツモンミゾアシノミハムシ
ハムシ科,ヒゲナガハムシ亜科,Hemipyxis,changi,ヒメマルノミハムシ
ハムシ科,ヒゲナガハムシ亜科,Hemipyxis,cinctipennis,キベリヒラタノミハムシ　基亜種
ハムシ科,ヒゲナガハムシ亜科,Hemipyxis,cinctipennis,キベリヒラタノミハムシ　沖縄本島亜種
ハムシ科,ヒゲナガハムシ亜科,Hemipyxis,flaviabdominalis,キバラマルノミハムシ
ハムシ科,ヒゲナガハムシ亜科,Hemipyxis,flavipennis,キバネマルノミハムシ
ハムシ科,ヒゲナガハムシ亜科,Hemipyxis,foveolata,キイロミゾアシノミハムシ　基亜種
ハムシ科,ヒゲナガハムシ亜科,Hemipyxis,foveolata,キイロミゾアシノミハムシ　宮古島亜種
ハムシ科,ヒゲナガハムシ亜科,Hemipyxis,plagioderoides,ヒゲナガルリマルノミハムシ
ハムシ科,ヒゲナガハムシ亜科,Hemipyxis,shirakii,マエモンヒラタノミハムシ
ハムシ科,ヒゲナガハムシ亜科,Hemipyxis,takarai,タカラミゾアシノミハムシ
ハムシ科,ヒゲナガハムシ亜科,Hermaeophaga,(Orthocrepis),ヒメトビハムシ
ハムシ科,ヒゲナガハムシ亜科,Hespera,lomasa,シロヒゲトビハムシ
ハムシ科,ヒゲナガハムシ亜科,Hippuriphila,babai,アカガネトビハムシ
ハムシ科,ヒゲナガハムシ亜科,Hyphasis,inconstans,コブアシトビハムシ
ハムシ科,ヒゲナガハムシ亜科,Ivalia,bistripunctata,ムツボシトビハムシ
ハムシ科,ヒゲナガハムシ亜科,Ivalia,hiranoi,イリオモテコダマトビハムシ
ハムシ科,ヒゲナガハムシ亜科,Ivalia,kodama,アマミコダマトビハムシ
ハムシ科,ヒゲナガハムシ亜科,Ivalia,nakanoi,ナカノコダマトビハムシ
ハムシ科,ヒゲナガハムシ亜科,Ivalia,variabilis,カワリコダマトビハムシ
ハムシ科,ヒゲナガハムシ亜科,Lanka,esakii,ヘリグロセダカトビハムシ
ハムシ科,ヒゲナガハムシ亜科,Lanka,fulva,キイロセダカトビハムシ
ハムシ科,ヒゲナガハムシ亜科,Lanka,magnoliae,ホオノキセダカトビハムシ
ハムシ科,ヒゲナガハムシ亜科,Lanka,nagaii,フタツメタマノミハムシ
ハムシ科,ヒゲナガハムシ亜科,Lesagealtica,berberii,ルリチビカミナリハムシ
ハムシ科,ヒゲナガハムシ亜科,Lesagealtica,flavicornis,ウスグロチビカミナリハムシ
ハムシ科,ヒゲナガハムシ亜科,Lipromela,minutissima,セスジトビハムシ
ハムシ科,ヒゲナガハムシ亜科,Lipromela,okinawana,オキナワセスジトビハムシ
ハムシ科,ヒゲナガハムシ亜科,Lipromima,minuta,サシゲトビハムシ
ハムシ科,ヒゲナガハムシ亜科,Lipromorpha,inexpectata,オキノエラブクビボソトビハムシ
ハムシ科,ヒゲナガハムシ亜科,Lipromorpha,loochooana,リュウキュウクビボソトビハムシ
ハムシ科,ヒゲナガハムシ亜科,Lipromorpha,sakishimana,サキシマクビボソトビハムシ
ハムシ科,ヒゲナガハムシ亜科,Liprus,punctatostriatus,ナガトビハムシ
ハムシ科,ヒゲナガハムシ亜科,Longitarsus,(Longitarsus),ヒルガオトビハムシ
ハムシ科,ヒゲナガハムシ亜科,Longitarsus,(Longitarsus),クロボシトビハムシ
ハムシ科,ヒゲナガハムシ亜科,Longitarsus,(Longitarsus),ミスジアシナガトビハムシ
ハムシ科,ヒゲナガハムシ亜科,Longitarsus,(Longitarsus),ムラサキアシナガトビハムシ
ハムシ科,ヒゲナガハムシ亜科,Longitarsus,(Longitarsus),アカアシナガトビハムシ
ハムシ科,ヒゲナガハムシ亜科,Longitarsus,(Longitarsus),セアカアシナガトビハムシ
ハムシ科,ヒゲナガハムシ亜科,Longitarsus,(Longitarsus),タイワンアシナガトビハムシ
ハムシ科,ヒゲナガハムシ亜科,Longitarsus,(Longitarsus),イヌノフグリトビハムシ
ハムシ科,ヒゲナガハムシ亜科,Longitarsus,(Longitarsus),イシガキアシナガトビハムシ
ハムシ科,ヒゲナガハムシ亜科,Longitarsus,(Longitarsus),コミヤアシナガトビハムシ
ハムシ科,ヒゲナガハムシ亜科,Longitarsus,(Longitarsus),オオバコアシナガトビハムシ
ハムシ科,ヒゲナガハムシ亜科,Longitarsus,(Longitarsus),クガイソウアシナガトビハムシ
ハムシ科,ヒゲナガハムシ亜科,Longitarsus,(Longitarsus),コクロアシナガトビハムシ
ハムシ科,ヒゲナガハムシ亜科,Longitarsus,(Longitarsus),ハッカアシナガトビハムシ
ハムシ科,ヒゲナガハムシ亜科,Longitarsus,(Longitarsus),ヒヨドリバナアシナガトビハムシ
ハムシ科,ヒゲナガハムシ亜科,Longitarsus,(Longitarsus),オオアシナガトビハムシ
ハムシ科,ヒゲナガハムシ亜科,Longitarsus,(Longitarsus),チュウジョウアシナガトビハムシ
ハムシ科,ヒゲナガハムシ亜科,Longitarsus,(Longitarsus),ヒナノウスツボアシナガトビハムシ
ハムシ科,ヒゲナガハムシ亜科,Longitarsus,(Longitarsus),トウヨウアシナガトビハムシ
ハムシ科,ヒゲナガハムシ亜科,Longitarsus,(Longitarsus),マルアシナガトビハムシ
ハムシ科,ヒゲナガハムシ亜科,Longitarsus,(Longitarsus),カクムネアシナガトビハムシ
ハムシ科,ヒゲナガハムシ亜科,Longitarsus,(Longitarsus),タツナミソウアシナガトビハムシ
ハムシ科,ヒゲナガハムシ亜科,Longitarsus,(Longitarsus),オオバコトビハムシ
ハムシ科,ヒゲナガハムシ亜科,Longitarsus,(Longitarsus),ヨモギトビハムシ
ハムシ科,ヒゲナガハムシ亜科,Longitarsus,(Longitarsus),ハンゴンソウアシナガトビハムシ
ハムシ科,ヒゲナガハムシ亜科,Longitarsus,(Longitarsus),スズキアシナガトビハムシ
ハムシ科,ヒゲナガハムシ亜科,Longitarsus,(Longitarsus),トカラアシナガトビハムシ
ハムシ科,ヒゲナガハムシ亜科,Longitarsus,(Longitarsus),カクバネアシナガトビハムシ
ハムシ科,ヒゲナガハムシ亜科,Luperomorpha,amamiana,アマミホソトビハムシ
ハムシ科,ヒゲナガハムシ亜科,Luperomorpha,birmanica,マエアカホソトビハムシ
ハムシ科,ヒゲナガハムシ亜科,Luperomorpha,collaris,ムネアカオオトビハムシ
ハムシ科,ヒゲナガハムシ亜科,Luperomorpha,funesta,クワノミハムシ
ハムシ科,ヒゲナガハムシ亜科,Luperomorpha,hidakai,ヒダカホソトビハムシ
ハムシ科,ヒゲナガハムシ亜科,Luperomorpha,pryeri,クビアカトビハムシ
ハムシ科,ヒゲナガハムシ亜科,Luperomorpha,sakishimana,サキシマホソトビハムシ
ハムシ科,ヒゲナガハムシ亜科,Luperomorpha,tenebrosa,キアシノミハムシ
ハムシ科,ヒゲナガハムシ亜科,Luperomorpha,tokejii,トケジホソトビハムシ
ハムシ科,ヒゲナガハムシ亜科,Lythraria,komiyamai,コナスビトビハムシ
ハムシ科,ヒゲナガハムシ亜科,Lythraria,salicariae,トラノオトビハムシ
ハムシ科,ヒゲナガハムシ亜科,Manobia,aoshimense,ケシタマノミハムシ
ハムシ科,ヒゲナガハムシ亜科,Manobia,formosana,チャイロケシトビハムシ
ハムシ科,ヒゲナガハムシ亜科,Manobia,gressitti,サキシマコトビハムシ
ハムシ科,ヒゲナガハムシ亜科,Manobia,lewisi,ルイスコトビハムシ
ハムシ科,ヒゲナガハムシ亜科,Manobia,parvula,クロコトビハムシ
ハムシ科,ヒゲナガハムシ亜科,Mantura,(Mantura),スイバトビハムシ
ハムシ科,ヒゲナガハムシ亜科,Mantura,(Mantura),カタバミトビハムシ
ハムシ科,ヒゲナガハムシ亜科,Mantura,(Mantura),ニホンハモグリトビハムシ
ハムシ科,ヒゲナガハムシ亜科,Mantura,(Mantura),セマルトビハムシ
ハムシ科,ヒゲナガハムシ亜科,Neocrepidodera,acuminata,トガリカクムネトビハムシ
ハムシ科,ヒゲナガハムシ亜科,Neocrepidodera,gruevi,セダカカクムネトビハムシ
ハムシ科,ヒゲナガハムシ亜科,Neocrepidodera,hiranoi,ヒラノカクムネトビハムシ
ハムシ科,ヒゲナガハムシ亜科,Neocrepidodera,interpunctata,ホソカクムネトビハムシ
ハムシ科,ヒゲナガハムシ亜科,Neocrepidodera,komatsui,クロカクムネトビハムシ
ハムシ科,ヒゲナガハムシ亜科,Neocrepidodera,laevicollis,カクムネトビハムシ
ハムシ科,ヒゲナガハムシ亜科,Neocrepidodera,obscuritarsis,オオキイロノミハムシ
ハムシ科,ヒゲナガハムシ亜科,Neocrepidodera,ohkawai,ワタラセカクムネトビハムシ
ハムシ科,ヒゲナガハムシ亜科,Neocrepidodera,recticollis,カクムネチビトビハムシ
ハムシ科,ヒゲナガハムシ亜科,Neocrepidodera,satoi,アジサイカクムネトビハムシ
ハムシ科,ヒゲナガハムシ亜科,Neocrepidodera,sibirica,クサレダマハムシ
ハムシ科,ヒゲナガハムシ亜科,Neocrepidodera,sublaevis,アラメカクムネトビハムシ
ハムシ科,ヒゲナガハムシ亜科,Neocrepidodera,takara,キイロチビトビハムシ
ハムシ科,ヒゲナガハムシ亜科,Nonarthra,amamiana,カワリヒゲブトノミハムシ
ハムシ科,ヒゲナガハムシ亜科,Nonarthra,cyanea,ルリマルノミハムシ
ハムシ科,ヒゲナガハムシ亜科,Nonarthra,tibialis,コマルノミハムシ
ハムシ科,ヒゲナガハムシ亜科,Orthaltica,okinawana,キイロケナガトビハムシ
ハムシ科,ヒゲナガハムシ亜科,Orthaltica,shirozui,ケナガトビハムシ
ハムシ科,ヒゲナガハムシ亜科,Parategyrius,unicolor,ニセアシナガトビハムシ
ハムシ科,ヒゲナガハムシ亜科,Parazipangia,okiana,ニセグミトビハムシ
ハムシ科,ヒゲナガハムシ亜科,Philopona,vibex,タマアシトビハムシ
ハムシ科,ヒゲナガハムシ亜科,Phygasia,fulvipennis,チャバネツヤハムシ
ハムシ科,ヒゲナガハムシ亜科,Phyllotreta,chujoe,チュウジョウキスジノミハムシ
ハムシ科,ヒゲナガハムシ亜科,Phyllotreta,ezoensis,ムモンキスジノミハムシ
ハムシ科,ヒゲナガハムシ亜科,Phyllotreta,ochripes,キアシキスジノミハムシ
ハムシ科,ヒゲナガハムシ亜科,Phyllotreta,rectilineata,ホソキスジノミハムシ
ハムシ科,ヒゲナガハムシ亜科,Phyllotreta,shirahatai,シラハタキスジノミハムシ
ハムシ科,ヒゲナガハムシ亜科,Phyllotreta,striolata,キスジノミハムシ
ハムシ科,ヒゲナガハムシ亜科,Podagricomela,weisei,カラタチトビハムシ
ハムシ科,ヒゲナガハムシ亜科,Podontia,quatordecimpunctata,ジュウシホシキイロオオハムシ
ハムシ科,ヒゲナガハムシ亜科,Pseudodera,xanthospila,フタホシオオノミハムシ
ハムシ科,ヒゲナガハムシ亜科,Pseudoliprus,hirtus,クビボソトビハムシ
ハムシ科,ヒゲナガハムシ亜科,Pseudoliprus,komiyai,コミヤクビボソトビハムシ
ハムシ科,ヒゲナガハムシ亜科,Pseudoliprus,kurosawai,クロサワクビボソトビハムシ
ハムシ科,ヒゲナガハムシ亜科,Pseudoliprus,nigritus,アラメクビボソトビハムシ　基亜種
ハムシ科,ヒゲナガハムシ亜科,Pseudoliprus,nigritus,アラメクビボソトビハムシ　伊豆諸島亜種
ハムシ科,ヒゲナガハムシ亜科,Pseudoliprus,suturalis,セスジクビボソトビハムシ
ハムシ科,ヒゲナガハムシ亜科,Psylliodes,(Psylliodes),アサトビハムシ
ハムシ科,ヒゲナガハムシ亜科,Psylliodes,(Psylliodes),ベーリーナガスネトビハムシ
ハムシ科,ヒゲナガハムシ亜科,Psylliodes,(Psylliodes),ルリナガスネトビハムシ
ハムシ科,ヒゲナガハムシ亜科,Psylliodes,(Psylliodes),チュウジョウナガスネトビハムシ
ハムシ科,ヒゲナガハムシ亜科,Psylliodes,(Psylliodes),ナトビハムシ
ハムシ科,ヒゲナガハムシ亜科,Psylliodes,(Psylliodes),ヒロアシナガスネトビハムシ
ハムシ科,ヒゲナガハムシ亜科,Psylliodes,(Psylliodes),ダイコンナガスネトビハムシ
ハムシ科,ヒゲナガハムシ亜科,Psylliodes,(Psylliodes),ナスナガスネトビハムシ
ハムシ科,ヒゲナガハムシ亜科,Psylliodes,(Semicnema),キイロナガスネトビハムシ
ハムシ科,ヒゲナガハムシ亜科,Sangariola,punctatostriata,カタクリハムシ
ハムシ科,ヒゲナガハムシ亜科,Sphaeroderma,akebia,アケビタマノミハムシ
ハムシ科,ヒゲナガハムシ亜科,Sphaeroderma,apicale,ツマキタマノミハムシ
ハムシ科,ヒゲナガハムシ亜科,Sphaeroderma,atrum,クロタマノミハムシ
ハムシ科,ヒゲナガハムシ亜科,Sphaeroderma,balyi,フキタマノミハムシ
ハムシ科,ヒゲナガハムシ亜科,Sphaeroderma,flavonotatum,キモンタマノミハムシ
ハムシ科,ヒゲナガハムシ亜科,Sphaeroderma,fulvoapicale,リュウキュウツマキマルノミハムシ
ハムシ科,ヒゲナガハムシ亜科,Sphaeroderma,inaizumii,イナイズミタマノミハムシ
ハムシ科,ヒゲナガハムシ亜科,Sphaeroderma,japanum,ヒゲナガタマノミハムシ
ハムシ科,ヒゲナガハムシ亜科,Sphaeroderma,kuroashi,クロアシタマノミハムシ
ハムシ科,ヒゲナガハムシ亜科,Sphaeroderma,morimotoi,モリモトタマノミハムシ
ハムシ科,ヒゲナガハムシ亜科,Sphaeroderma,nigricolle,アカバネタマノミハムシ
ハムシ科,ヒゲナガハムシ亜科,Sphaeroderma,obscurum,ウスグロタマノミハムシ
ハムシ科,ヒゲナガハムシ亜科,Sphaeroderma,ohkuboi,ヘリグロタマノミハムシ
ハムシ科,ヒゲナガハムシ亜科,Sphaeroderma,placidum,ムネアカタマノミハムシ
ハムシ科,ヒゲナガハムシ亜科,Sphaeroderma,quadrimaculatum,ヨツモンタマノミハムシ
ハムシ科,ヒゲナガハムシ亜科,Sphaeroderma,separatum,ヒメアオタマノミハムシ
ハムシ科,ヒゲナガハムシ亜科,Sphaeroderma,seriatum,ヌカキビタマトビハムシ
ハムシ科,ヒゲナガハムシ亜科,Sphaeroderma,tarsatum,ヒロアシタマノミハムシ
ハムシ科,ヒゲナガハムシ亜科,Sphaeroderma,unicolor,キイロタマノミハムシ
ハムシ科,ヒゲナガハムシ亜科,Stenoluperus,bicarinatus,チビウスバハムシ
ハムシ科,ヒゲナガハムシ亜科,Stenoluperus,cyaneus,ルリウスバハムシ
ハムシ科,ヒゲナガハムシ亜科,Stenoluperus,nipponensis,ヒゲナガウスバハムシ
ハムシ科,ヒゲナガハムシ亜科,Trachytetra,amamiana,アマミアラハダトビハムシ
ハムシ科,ヒゲナガハムシ亜科,Trachytetra,collaris,コゲチャアラハダトビハムシ
ハムシ科,ヒゲナガハムシ亜科,Trachytetra,imasakai,イマサカアラハダトビハムシ
ハムシ科,ヒゲナガハムシ亜科,Trachytetra,lewisi,アラハダトビハムシ
ハムシ科,ヒゲナガハムシ亜科,Trachytetra,nigricornis,クロヒゲアラハダトビハムシ
ハムシ科,ヒゲナガハムシ亜科,Trachytetra,nigrita,クロアラハダトビハムシ
ハムシ科,ヒゲナガハムシ亜科,Trachytetra,nishii,ニシアラハダトビハムシ
ハムシ科,ヒゲナガハムシ亜科,Trachytetra,obscura,ガマズミトビハムシ
ハムシ科,ヒゲナガハムシ亜科,Trachytetra,okinawana,オキナワアラハダトビハムシ
ハムシ科,ヒゲナガハムシ亜科,Trachytetra,sordida,ヒゲナガアラハダトビハムシ
ハムシ科,ヒゲナガハムシ亜科,Zipanginia,bungoensis,キュウシュウグミトビハムシ
ハムシ科,ヒゲナガハムシ亜科,Zipanginia,iwatensis,ホオノキコミヤトビハムシ
ハムシ科,ヒゲナガハムシ亜科,Zipanginia,loochooensis,リュウキュウグミトビハムシ
ハムシ科,ヒゲナガハムシ亜科,Zipanginia,miyatakei,ムネアカグミトビハムシ
ハムシ科,ヒゲナガハムシ亜科,Zipanginia,picipes,チビカミナリハムシ　基亜種
ハムシ科,ヒゲナガハムシ亜科,Zipanginia,picipes,チビカミナリハムシ　亜種
ハムシ科,ヒゲナガハムシ亜科,Zipanginia,sakishimana,サキシマグミトビハムシ
ハムシ科,ヒゲナガハムシ亜科,Zipanginia,tosana,シコクグミトビハムシ
ハムシ科,ヒゲナガハムシ亜科,Zipanginia,tuberosa,シリダコグミトビハムシ
ハムシ科,ヒゲナガハムシ亜科,Apophylia,elongata,オキナワアオバホソハムシ
ハムシ科,ヒゲナガハムシ亜科,Apophylia,nigriceps,ヒメアオバホソハムシ
ハムシ科,ヒゲナガハムシ亜科,Apophylia,viridipennis,アオバホソハムシ
ハムシ科,ヒゲナガハムシ亜科,Chujoa,uetsukii,ウエツキブナハムシ
ハムシ科,ヒゲナガハムシ亜科,Galeruca,(Galeruca),アザミオオハムシ
ハムシ科,ヒゲナガハムシ亜科,Galeruca,(Galeruca),ネギオオアラメハムシ
ハムシ科,ヒゲナガハムシ亜科,Galeruca,(Galeruca),スジグロオオハムシ
ハムシ科,ヒゲナガハムシ亜科,Galeruca,(Galeruca),スミイロオオアラメハムシ
ハムシ科,ヒゲナガハムシ亜科,Galerucella,(Galerucella),チュウジョウヒゲナガハムシ
ハムシ科,ヒゲナガハムシ亜科,Galerucella,(Galerucella),イチゴハムシ
ハムシ科,ヒゲナガハムシ亜科,Galerucella,(Galerucella),ジュンサイハムシ
ハムシ科,ヒゲナガハムシ亜科,Galerucella,(Galerucella),オオクラヒゲナガハムシ
ハムシ科,ヒゲナガハムシ亜科,Galerucella,(Galerucella),オゼタデハムシ
ハムシ科,ヒゲナガハムシ亜科,Galerucella,(Neogalerucella),ミソハギハムシ
ハムシ科,ヒゲナガハムシ亜科,Galerucella,(Neogalerucella),ハシバミハムシ
ハムシ科,ヒゲナガハムシ亜科,Lochmaea,caprea,ズグロアラメハムシ
ハムシ科,ヒゲナガハムシ亜科,Menippus,doeberli,オキナワウスバハムシ
ハムシ科,ヒゲナガハムシ亜科,Menippus,issikii,アマミウスバハムシ
ハムシ科,ヒゲナガハムシ亜科,Menippus,sakishimanus,サキシマウスバハムシ
ハムシ科,ヒゲナガハムシ亜科,Ophraella,communa,ブタクサハムシ
ハムシ科,ヒゲナガハムシ亜科,Pyrrhalta,annulicornis,ブチヒゲケブカハムシ
ハムシ科,ヒゲナガハムシ亜科,Pyrrhalta,esakii,エグリバケブカハムシ
ハムシ科,ヒゲナガハムシ亜科,Pyrrhalta,fuscipennis,イタヤハムシ
ハムシ科,ヒゲナガハムシ亜科,Pyrrhalta,kawashimai,カワシマケブカハムシ
ハムシ科,ヒゲナガハムシ亜科,Pyrrhalta,konishii,コニシケブカハムシ
ハムシ科,ヒゲナガハムシ亜科,Pyrrhalta,lineatipes,サンゴジュハムシ
ハムシ科,ヒゲナガハムシ亜科,Pyrrhalta,semifulva,アカタデハムシ
ハムシ科,ヒゲナガハムシ亜科,Pyrrhalta,takeii,オオサクラケブカハムシ
ハムシ科,ヒゲナガハムシ亜科,Pyrrhalta,tibialis,エノキハムシ
ハムシ科,ヒゲナガハムシ亜科,Pyrrhalta,yasumatsui,ヤスマツケブカハムシ
ハムシ科,ヒゲナガハムシ亜科,Pyrrhalta,yoshimotoi,ヨシモトケブカハムシ
ハムシ科,ヒゲナガハムシ亜科,Xanthogaleruca,maculicollis,ニレハムシ
ハムシ科,ヒゲナガハムシ亜科,Xanthogaleruca,nigromarginata,クロヘリウスチャハムシ
ハムシ科,ヒゲナガハムシ亜科,Xanthogaleruca,seminigra,カエデハムシ
ハムシ科,ヒゲナガハムシ亜科,Agelasa,nigriceps,キクビアオハムシ
ハムシ科,ヒゲナガハムシ亜科,Agelastica,coerulea,ハンノキハムシ
ハムシ科,ヒゲナガハムシ亜科,Arthrotus,niger,ムナグロツヤハムシ
ハムシ科,ヒゲナガハムシ亜科,Dercetina,azumai,アオバヒゲナガハムシ
ハムシ科,ヒゲナガハムシ亜科,Gallerucida,bifasciata,イタドリハムシ
ハムシ科,ヒゲナガハムシ亜科,Gallerucida,flavipennis,ズグロアカハムシ
ハムシ科,ヒゲナガハムシ亜科,Gallerucida,lewisi,ムツキボシハムシ
ハムシ科,ヒゲナガハムシ亜科,Gallerucida,oshimana,アマミカバイロハムシ
ハムシ科,ヒゲナガハムシ亜科,Hamushia,eburata,ヨツキボシハムシ
ハムシ科,ヒゲナガハムシ亜科,Hamushia,konishii,ヨモギモンキハムシ
ハムシ科,ヒゲナガハムシ亜科,Morphosphaera,caerulea,オキナワイチモンジハムシ
ハムシ科,ヒゲナガハムシ亜科,Morphosphaera,japonica,イチモンジハムシ
ハムシ科,ヒゲナガハムシ亜科,Sphenoraia,intermedia,アオバノコヒゲハムシ
ハムシ科,ヒゲナガハムシ亜科,Atrachya,flavomaculata,モンキウリハムシモドキ
ハムシ科,ヒゲナガハムシ亜科,Atrachya,menetriesi,ウリハムシモドキ
ハムシ科,ヒゲナガハムシ亜科,Aulacophora,bicolor,フタイロウリハムシ
ハムシ科,ヒゲナガハムシ亜科,Aulacophora,indica,ウリハムシ
ハムシ科,ヒゲナガハムシ亜科,Aulacophora,lewisii,ヒメクロウリハムシ
ハムシ科,ヒゲナガハムシ亜科,Aulacophora,loochooensis,ルリバネウリハムシ
ハムシ科,ヒゲナガハムシ亜科,Aulacophora,nigripennis,クロウリハムシ　基亜種
ハムシ科,ヒゲナガハムシ亜科,Aulacophora,nigripennis,クロウリハムシ　奄美沖縄亜種
ハムシ科,ヒゲナガハムシ亜科,Aulacophora,nigripennis,クロウリハムシ　伊豆諸島亜種
ハムシ科,ヒゲナガハムシ亜科,Cerophysa,miyatakei,オキナワヒメナガハムシ
ハムシ科,ヒゲナガハムシ亜科,Cerophysa,tibialis,クロバヒゲナガハムシ
ハムシ科,ヒゲナガハムシ亜科,Cerophysella,basalis,カクムネヒゲナガハムシ
ハムシ科,ヒゲナガハムシ亜科,Charaea,costatum,アトスジヒメハムシ
ハムシ科,ヒゲナガハムシ亜科,Clerotilia,flavomarginata,キアシヒゲナガアオハムシ
ハムシ科,ヒゲナガハムシ亜科,Cneorane,elegans,キムネアオハムシ
ハムシ科,ヒゲナガハムシ亜科,Epaenidea,elegans,アオバヒメハムシ
ハムシ科,ヒゲナガハムシ亜科,Epaenidea,reoi,ケラマヒメハムシ
ハムシ科,ヒゲナガハムシ亜科,Epiluperodes,ryukyuana,キイロヒメハムシ
ハムシ科,ヒゲナガハムシ亜科,Euliroetis,abdominalis,クロバハラグリハムシ
ハムシ科,ヒゲナガハムシ亜科,Euliroetis,nigripes,クロアシハラグリハムシ
ハムシ科,ヒゲナガハムシ亜科,Euliroetis,ornata,シロモンハラグリハムシ
ハムシ科,ヒゲナガハムシ亜科,Fleutiauxia,armata,クワハムシ
ハムシ科,ヒゲナガハムシ亜科,Haplosomoides,costata,ホソセスジハムシ
ハムシ科,ヒゲナガハムシ亜科,Haplosomoides,miyamotoi,キセスジハムシ
ハムシ科,ヒゲナガハムシ亜科,Hesperomorpha,hirsuta,ケブカクロナガハムシ
ハムシ科,ヒゲナガハムシ亜科,Japonitata,nigrita,クロセスジハムシ
ハムシ科,ヒゲナガハムシ亜科,Liroetis,coeruleipennis,ルリバネナガハムシ
ハムシ科,ヒゲナガハムシ亜科,Luperus,laricis,ムナキホソヒゲナガハムシ　基亜種
ハムシ科,ヒゲナガハムシ亜科,Luperus,laricis,ムナキホソヒゲナガハムシ　本州亜種
ハムシ科,ヒゲナガハムシ亜科,Luperus,moorii,クロウスバハムシ
ハムシ科,ヒゲナガハムシ亜科,Medythia,nigrobilineata,フタスジヒメハムシ
ハムシ科,ヒゲナガハムシ亜科,Medythia,suturalis,フトスジヒメハムシ
ハムシ科,ヒゲナガハムシ亜科,Monolepta,chujoi,コモンアシナガハムシ
ハムシ科,ヒゲナガハムシ亜科,Monolepta,dichroa,ホタルハムシ
ハムシ科,ヒゲナガハムシ亜科,Monolepta,fulvicollis,アオバアシナガハムシ
ハムシ科,ヒゲナガハムシ亜科,Monolepta,hiurai,ヒウラアシナガハムシ
ハムシ科,ヒゲナガハムシ亜科,Monolepta,kurosawai,ムネアカウスイロハムシ
ハムシ科,ヒゲナガハムシ亜科,Monolepta,minor,ヒメアシナガハムシ
ハムシ科,ヒゲナガハムシ亜科,Monolepta,miyamotoi,ミヤモトアシナガハムシ
ハムシ科,ヒゲナガハムシ亜科,Monolepta,nojiriensis,ヒメウスイロハムシ
ハムシ科,ヒゲナガハムシ亜科,Monolepta,pallidula,キイロクワハムシ
ハムシ科,ヒゲナガハムシ亜科,Monolepta,quadriguttata,モンキアシナガハムシ
ハムシ科,ヒゲナガハムシ亜科,Monolepta,sakishimana,サキシマアシナガハムシ
ハムシ科,ヒゲナガハムシ亜科,Monolepta,shirozui,シロウズアシナガハムシ
ハムシ科,ヒゲナガハムシ亜科,Paridea,(Paridea),アトボシハムシ
ハムシ科,ヒゲナガハムシ亜科,Paridea,(Paridea),ヨツボシハムシ
ハムシ科,ヒゲナガハムシ亜科,Taphinellina,akkoae,ハラマダラヒメハムシ
ハムシ科,ヒゲナガハムシ亜科,Taphinellina,amamiensis,アマミキバラヒメハムシ
ハムシ科,ヒゲナガハムシ亜科,Taphinellina,chujoi,ニセキバラヒメハムシ
ハムシ科,ヒゲナガハムシ亜科,Taphinellina,cyanea,ハラグロヒメハムシ
ハムシ科,ヒゲナガハムシ亜科,Taphinellina,flaviventris,キバラヒメハムシ
ハムシ科,ヒゲナガハムシ亜科,Taphinellina,iniqua,ルリヒラタヒメハムシ
ハムシ科,ヒゲナガハムシ亜科,Taphinellina,nobyi,オオルリヒメハムシ
ハムシ科,ヒゲナガハムシ亜科,Theopea,aureoviridis,キンリョクヒゲナガハムシ
ハムシ科,ヒゲナガハムシ亜科,Oides,bowringii,キベリハムシ
ハムシ科,ホソハムシ亜科,Syneta,adamsi,カバノキハムシ
ハムシ科,ホソハムシ亜科,Syneta,brevitibialis,ヒメカバノキハムシ
ハムシ科,コガネハムシ亜科,Sagra,femorata,フェモラータモモブトハムシ
ハムシ科,マメゾウムシ亜科,Spermophagus,rufiventris,イクビマメゾウムシ
ハムシ科,マメゾウムシ亜科,Spermophagus,testaceicolor,チャイロイクビマメゾウムシ
ハムシ科,マメゾウムシ亜科,Zabrotes,subfasciatus,ブラジルマメゾウムシ
ハムシ科,マメゾウムシ亜科,Acanthoscelides,griseolus,キョウトマメゾウムシ
ハムシ科,マメゾウムシ亜科,Acanthoscelides,obtectus,インゲンマメゾウムシ
ハムシ科,マメゾウムシ亜科,Acanthoscelides,pallidipennis,イタチハギマメゾウムシ
ハムシ科,マメゾウムシ亜科,Acanthoscelides,pusillimus,チビマメゾウムシ
ハムシ科,マメゾウムシ亜科,Borowiecius,ademptus,チャバラマメゾウムシ
ハムシ科,マメゾウムシ亜科,Bruchidius,japonicus,サムライマメゾウムシ
ハムシ科,マメゾウムシ亜科,Bruchidius,lautus,ヒゲナガマメゾウムシ
ハムシ科,マメゾウムシ亜科,Bruchidius,serricollis,シリグロマメゾウムシ
ハムシ科,マメゾウムシ亜科,Bruchidius,terreus,ネムノキマメゾウムシ
ハムシ科,マメゾウムシ亜科,Bruchidius,urbanus,シリアカマメゾウムシ
ハムシ科,マメゾウムシ亜科,Callosobruchus,analis,ワモンマメゾウムシ
ハムシ科,マメゾウムシ亜科,Callosobruchus,chinensis,アズキマメゾウムシ
ハムシ科,マメゾウムシ亜科,Callosobruchus,maculatus,ヨツモンマメゾウムシ
ハムシ科,マメゾウムシ亜科,Callosobruchus,phaseoli,タテモンマメゾウムシ
ハムシ科,マメゾウムシ亜科,Megabruchidius,dorsalis,サイカチマメゾウムシ
ハムシ科,マメゾウムシ亜科,Megabruchidius,sophorae,エンジュマメゾウムシ
ハムシ科,マメゾウムシ亜科,Sennius,lebasi,クロモンマメゾウムシ
ハムシ科,マメゾウムシ亜科,Sulcobruchus,sauteri,ザウテルマメゾウムシ
ハムシ科,マメゾウムシ亜科,Bruchus,loti,ミヤコグサマメゾウムシ
ハムシ科,マメゾウムシ亜科,Bruchus,pisorum,エンドウゾウムシ
ハムシ科,マメゾウムシ亜科,Bruchus,rufimanus,ソラマメゾウムシ
ハムシ科,マメゾウムシ亜科,Kytorhinus,senilis,シャープマメゾウムシ
ハムシ科,ネクイハムシ亜科,Donacia,(Cyphogaster),ガガブタネクイハムシ
ハムシ科,ネクイハムシ亜科,Donacia,(Cyphogaster),イネネクイハムシ
ハムシ科,ネクイハムシ亜科,Donacia,(Donacia),セラネクイハムシ
ハムシ科,ネクイハムシ亜科,Donacia,(Donacia),コウホネネクイハムシ
ハムシ科,ネクイハムシ亜科,Donacia,(Donaciomima),キアシネクイハムシ
ハムシ科,ネクイハムシ亜科,Donacia,(Donaciomima),フトネクイハムシ
ハムシ科,ネクイハムシ亜科,Donacia,(Donaciomima),クロガネネクイハムシ
ハムシ科,ネクイハムシ亜科,Donacia,(Donaciomima),アオノネクイハムシ
ハムシ科,ネクイハムシ亜科,Donacia,(Donaciomima),アカガネネクイハムシ
ハムシ科,ネクイハムシ亜科,Donacia,(Donaciomima),キンイロネクイハムシ
ハムシ科,ネクイハムシ亜科,Donacia,(Donaciomima),カツラネクイハムシ
ハムシ科,ネクイハムシ亜科,Donacia,(Donaciomima),ツヤネクイハムシ
ハムシ科,ネクイハムシ亜科,Donacia,(Donaciomima),アシボソネクイハムシ
ハムシ科,ネクイハムシ亜科,Donacia,(Donaciomima),キタヒラタネクイハムシ　基亜種
ハムシ科,ネクイハムシ亜科,Donacia,(Donaciomima),キタヒラタネクイハムシ 本州亜種
ハムシ科,ネクイハムシ亜科,Donacia,(Donaciomima),ニセヒラタネクイハムシ
ハムシ科,ネクイハムシ亜科,Donacia,(Donaciomima),ホソネクイハムシ
ハムシ科,ネクイハムシ亜科,Macroplea,japana,キイロネクイハムシ
ハムシ科,ネクイハムシ亜科,Macroplea,mutica,キタキイロネクイハムシ
ハムシ科,ネクイハムシ亜科,Plateumaris,akiensis,アキミズクサハムシ
ハムシ科,ネクイハムシ亜科,Plateumaris,constricticollis,オオネクイハムシ　基亜種
ハムシ科,ネクイハムシ亜科,Plateumaris,constricticollis,オオネクイハムシ　信濃亜種
ハムシ科,ネクイハムシ亜科,Plateumaris,constricticollis,オオネクイハムシ　亜種
ハムシ科,ネクイハムシ亜科,Plateumaris,sericea,キヌツヤミズクサハムシ
ハムシ科,ネクイハムシ亜科,Plateumaris,shirahatai,シラハタネクイハムシ
ハムシ科,ネクイハムシ亜科,Plateumaris,weisei,ヒラシマミズクサハムシ
ハムシ科,クビボソハムシ亜科,Crioceris,orientalis,カタボシクビナガハムシ
ハムシ科,クビボソハムシ亜科,Crioceris,quatuordecimpunctata,ジュウシホシクビナガハムシ
ハムシ科,クビボソハムシ亜科,Lilioceris,(Bradyceris),ルイスクビナガハムシ
ハムシ科,クビボソハムシ亜科,Lilioceris,(Lilioceris),ベーリークビナガハムシ
ハムシ科,クビボソハムシ亜科,Lilioceris,(Lilioceris),オキナワクビナガハムシ
ハムシ科,クビボソハムシ亜科,Lilioceris,(Lilioceris),ユリクビナガハムシ
ハムシ科,クビボソハムシ亜科,Lilioceris,(Lilioceris),ホソクビナガハムシ
ハムシ科,クビボソハムシ亜科,Lilioceris,(Lilioceris),キイロクビナガハムシ
ハムシ科,クビボソハムシ亜科,Lilioceris,(Lilioceris),カタモンクビナガハムシ
ハムシ科,クビボソハムシ亜科,Lilioceris,(Lilioceris),クロバネクビボソハムシ
ハムシ科,クビボソハムシ亜科,Lilioceris,(Lilioceris),アカクビナガハムシ
ハムシ科,クビボソハムシ亜科,Lema,(Lema),ルリクビボソハムシ
ハムシ科,クビボソハムシ亜科,Lema,(Lema),キバラルリクビボソハムシ
ハムシ科,クビボソハムシ亜科,Lema,(Lema),ヒメアカクビボソハムシ
ハムシ科,クビボソハムシ亜科,Lema,(Lema),トゲアシクビボソハムシ
ハムシ科,クビボソハムシ亜科,Lema,(Lema),ササキクビボソハムシ
ハムシ科,クビボソハムシ亜科,Lema,(Lema),トホシクビボソハムシ
ハムシ科,クビボソハムシ亜科,Lema,(Lema),キオビクビボソハムシ
ハムシ科,クビボソハムシ亜科,Lema,(Lema),スゲクビボソハムシ
ハムシ科,クビボソハムシ亜科,Lema,(Lema),アカクビボソハムシ
ハムシ科,クビボソハムシ亜科,Lema,(Lema),クズクビボソハムシ
ハムシ科,クビボソハムシ亜科,Lema,(Lema),ネッタイアカクビボソハムシ
ハムシ科,クビボソハムシ亜科,Lema,(Lema),セアカクビボソハムシ
ハムシ科,クビボソハムシ亜科,Lema,(Petauristes),キベリクビボソハムシ
ハムシ科,クビボソハムシ亜科,Lema,(Petauristes),ヤマイモハムシ
ハムシ科,クビボソハムシ亜科,Lema,(Petauristes),オオクビボソハムシ
ハムシ科,クビボソハムシ亜科,Lema,(Petauristes),ナスクビボソハムシ
ハムシ科,クビボソハムシ亜科,Oulema,(Oulema),セスジクビボソハムシ
ハムシ科,クビボソハムシ亜科,Oulema,(Oulema),アワクビボソハムシ
ハムシ科,クビボソハムシ亜科,Oulema,(Oulema),ムギクビボソハムシ
ハムシ科,クビボソハムシ亜科,Oulema,(Oulema),クビアカクビボソハムシ
ハムシ科,クビボソハムシ亜科,Oulema,(Oulema),イネクビボソハムシ
ハムシ科,クビボソハムシ亜科,Oulema,(Oulema),キアシクビボソハムシ
ハムシ科,カメノコハムシ亜科,Aspidimorpha,(Aspidimorpha),ジンガサハムシ
ハムシ科,カメノコハムシ亜科,Aspidimorpha,(Aspidimorpha),ゴマダラジンガサハムシ
ハムシ科,カメノコハムシ亜科,Aspidimorpha,(Aspidimorpha),スキバジンガサハムシ
ハムシ科,カメノコハムシ亜科,Laccoptera,(Laccopteroidea),ヨツモンカメノコハムシ
ハムシ科,カメノコハムシ亜科,Cassida,circumdata,タテスジヒメジンガサハムシ
ハムシ科,カメノコハムシ亜科,Cassida,concha,キイロカメノコハムシ
ハムシ科,カメノコハムシ亜科,Cassida,crucifera,セモンジンガサハムシ
ハムシ科,カメノコハムシ亜科,Cassida,erudita,ミドリカメノコハムシ
ハムシ科,カメノコハムシ亜科,Cassida,ferruginea,イカリアオカメノコハムシ
ハムシ科,カメノコハムシ亜科,Cassida,fuscorufa,ヒメジンガサハムシ
ハムシ科,カメノコハムシ亜科,Cassida,japana,イノコズチカメノコハムシ
ハムシ科,カメノコハムシ亜科,Cassida,lineola,クロスジカメノコハムシ
ハムシ科,カメノコハムシ亜科,Cassida,mongolica,クロカメノコハムシ
ハムシ科,カメノコハムシ亜科,Cassida,murraea,ベニカメノコハムシ
ハムシ科,カメノコハムシ亜科,Cassida,nebulosa,ナミカメノコハムシ
ハムシ科,カメノコハムシ亜科,Cassida,nobilis,スジキイロカメノコハムシ
ハムシ科,カメノコハムシ亜科,Cassida,obtusata,ミカンカメノコハムシ
ハムシ科,カメノコハムシ亜科,Cassida,piperata,ヒメカメノコハムシ
ハムシ科,カメノコハムシ亜科,Cassida,rubiginosa,アオカメノコハムシ　基亜種
ハムシ科,カメノコハムシ亜科,Cassida,rubiginosa,アオカメノコハムシ　対馬亜種
ハムシ科,カメノコハムシ亜科,Cassida,sigillata,イカリヒメジンガサハムシ
ハムシ科,カメノコハムシ亜科,Cassida,velaris,チャイロカメノコハムシ
ハムシ科,カメノコハムシ亜科,Cassida,vespertina,コガタカメノコハムシ
ハムシ科,カメノコハムシ亜科,Cassida,vibex,セスジカメノコハムシ
ハムシ科,カメノコハムシ亜科,Cassida,vittata,スジミドリカメノコハムシ
ハムシ科,カメノコハムシ亜科,Glyphocassis,spilota,クロマダラカメノコハムシ
ハムシ科,カメノコハムシ亜科,Thlaspida,cribrosa,イチモンジカメノコハムシ
ハムシ科,カメノコハムシ亜科,Thlaspida,lewisii,ルイスジンガサハムシ
ハムシ科,カメノコハムシ亜科,Brontispa,longissima,ナガヒラタハムシ
ハムシ科,カメノコハムシ亜科,Agonita,omoro,オキナワホソヒラタハムシ
ハムシ科,カメノコハムシ亜科,Asamangulia,yonakuni,ヨナグニトゲハムシ
ハムシ科,カメノコハムシ亜科,Dactylispa,(Platypriella),タケトゲハムシ
ハムシ科,カメノコハムシ亜科,Dactylispa,(Platypriella),カタビロトゲハムシ
ハムシ科,カメノコハムシ亜科,Dactylispa,(Triplispa),ヒメキベリトゲハムシ
ハムシ科,カメノコハムシ亜科,Dactylispa,(Triplispa),ヒゴトゲハムシ
ハムシ科,カメノコハムシ亜科,Dicladispa,armigera,イネトゲハムシ
ハムシ科,カメノコハムシ亜科,Hispellinus,moerens,クロトゲハムシ
ハムシ科,カメノコハムシ亜科,Platypria,(Platypria),ヘリビロトゲハムシ
ハムシ科,カメノコハムシ亜科,Platypria,(Platypria),ツシマヘリビロトゲハムシ
ハムシ科,カメノコハムシ亜科,Rhadinosa,nigrocyanea,クロルリトゲハムシ
ハムシ科,カメノコハムシ亜科,Leptispa,miyamotoi,ミヤモトホソヒラタハムシ
ハムシ科,カメノコハムシ亜科,Leptispa,taguchii,タグチホソヒラタハムシ
ハムシ科,カメノコハムシ亜科,Notosacantha,ihai,アカヒラタカメノコハムシ
ハムシ科,カメノコハムシ亜科,Notosacantha,loochooana,チャイロヒラタカメノコハムシ
ハムシ科,カメノコハムシ亜科,Notosacantha,nishiyamai,キイロヒラタカメノコハムシ
ハムシ科,サルハムシ亜科,Acrothinium,gaschkevitchii,アカガネサルハムシ　基亜種
ハムシ科,サルハムシ亜科,Acrothinium,gaschkevitchii,アカガネサルハムシ　沖永良部島亜種
ハムシ科,サルハムシ亜科,Acrothinium,gaschkevitchii,アカガネサルハムシ　沖縄亜種
ハムシ科,サルハムシ亜科,Acrothinium,gaschkevitchii,アカガネサルハムシ　奄美亜種
ハムシ科,サルハムシ亜科,Acrothinium,gaschkevitchii,アカガネサルハムシ　吐噶喇亜種
ハムシ科,サルハムシ亜科,Bromius,obscurus,ブドウサルハムシ
ハムシ科,サルハムシ亜科,Demotina,aurosquama,コアラゲサルハムシ
ハムシ科,サルハムシ亜科,Demotina,bipunctata,フタモンアラゲサルハムシ
ハムシ科,サルハムシ亜科,Demotina,decorata,チビカサハラハムシ
ハムシ科,サルハムシ亜科,Demotina,elegans,ヤクカサハラハムシ
ハムシ科,サルハムシ亜科,Demotina,fasciata,クロオビカサハラハムシ
ハムシ科,サルハムシ亜科,Demotina,fasciculata,マダラアラゲサルハムシ
ハムシ科,サルハムシ亜科,Demotina,imasakai,イマサカアラゲサルハムシ
ハムシ科,サルハムシ亜科,Demotina,major,オオアラゲサルハムシ
ハムシ科,サルハムシ亜科,Demotina,modesta,カサハラハムシ
ハムシ科,サルハムシ亜科,Demotina,sasakawai,ササカワアラゲサルハムシ
ハムシ科,サルハムシ亜科,Demotina,serriventris,クシバアラゲサルハムシ
ハムシ科,サルハムシ亜科,Demotina,squamosa,アラゲサルハムシ
ハムシ科,サルハムシ亜科,Demotina,tuberosa,コブアラゲサルハムシ
ハムシ科,サルハムシ亜科,Demotina,vernalis,ヒメアラゲサルハムシ
ハムシ科,サルハムシ亜科,Fidia,atra,リンゴコフキハムシ
ハムシ科,サルハムシ亜科,Fidia,fulva,セアカケブカサルハムシ
ハムシ科,サルハムシ亜科,Fidia,itoi,スギケブカサルハムシ
ハムシ科,サルハムシ亜科,Fidia,japonica,ニホンケブカサルハムシ
ハムシ科,サルハムシ亜科,Fidia,kiiensis,セスジケブカサルハムシ
ハムシ科,サルハムシ亜科,Fidia,lewisi,ケブカサルハムシ
ハムシ科,サルハムシ亜科,Heteraspis,lewisii,ドウガネサルハムシ
ハムシ科,サルハムシ亜科,Heteraspis,sauteri,シワドウガネサルハムシ
ハムシ科,サルハムシ亜科,Osnaparis,nucea,アカチャサルハムシ
ハムシ科,サルハムシ亜科,Trichochrysea,japana,トビサルハムシ
ハムシ科,サルハムシ亜科,Trichochrysea,okinawana,オキナワトビサルハムシ　基亜種
ハムシ科,サルハムシ亜科,Trichochrysea,okinawana,オキナワトビサルハムシ　九州亜種
ハムシ科,サルハムシ亜科,Trichochrysea,sakishimana,サキシマトビサルハムシ
ハムシ科,サルハムシ亜科,Xanthonia,placida,キカサハラハムシ
ハムシ科,サルハムシ亜科,Abirus,fortunei,ツツサルハムシ
ハムシ科,サルハムシ亜科,Chrysochus,chinensis,オオサルハムシ
ハムシ科,サルハムシ亜科,Colaspoides,amamianus,アマミミドリサルハムシ
ハムシ科,サルハムシ亜科,Colaspoides,fulvus,シャシャンポサルハムシ
ハムシ科,サルハムシ亜科,Colaspoides,imasakai,イマサカミドリサルハムシ
ハムシ科,サルハムシ亜科,Colaspoides,japanus,ミドリサルハムシ
ハムシ科,サルハムシ亜科,Colaspoides,kasaharai,カサハラミドリサルハムシ
ハムシ科,サルハムシ亜科,Colaspoides,okinawanus,オキナワミドリサルハムシ
ハムシ科,サルハムシ亜科,Colaspoides,suginoi,スギノミドリサルハムシ
ハムシ科,サルハムシ亜科,Massiea,costata,ムネアカナガミドリサルハムシ
ハムシ科,サルハムシ亜科,Platycorynus,japonicus,オオミドリサルハムシ　基亜種
ハムシ科,サルハムシ亜科,Platycorynus,japonicus,オオミドリサルハムシ　沖永良部島亜種
ハムシ科,サルハムシ亜科,Colasposoma,dauricum,イモサルハムシ
ハムシ科,サルハムシ亜科,Colasposoma,viridicoeruleum,オキナワイモサルハムシ
ハムシ科,サルハムシ亜科,Basilepta,amamiensis,ヨツモンサルハムシ
ハムシ科,サルハムシ亜科,Basilepta,balyi,チャイロサルハムシ
ハムシ科,サルハムシ亜科,Basilepta,borodinensis,ダイトウサルハムシ
ハムシ科,サルハムシ亜科,Basilepta,davidi,ダビッドサルハムシ
ハムシ科,サルハムシ亜科,Basilepta,fulvipes,アオバネサルハムシ
ハムシ科,サルハムシ亜科,Basilepta,hirayamai,ニセウスイロサルハムシ
ハムシ科,サルハムシ亜科,Basilepta,hirticollis,ムナゲクロサルハムシ
ハムシ科,サルハムシ亜科,Basilepta,modesta,ルリサルハムシ
ハムシ科,サルハムシ亜科,Basilepta,pallidula,ウスイロサルハムシ
ハムシ科,サルハムシ亜科,Basilepta,ruficollis,ムネアカサルハムシ
ハムシ科,サルハムシ亜科,Basilepta,uenoi,ドウイロムナゲサルハムシ
ハムシ科,サルハムシ亜科,Basilepta,varicolor,シイサルハムシ
ハムシ科,サルハムシ亜科,Cleoporus,lateralis,サクラサルハムシ
ハムシ科,サルハムシ亜科,Cleorina,aeneomicans,イクビルリハムシ
ハムシ科,サルハムシ亜科,Nodina,chalcosoma,アオガネヒメサルハムシ
ハムシ科,サルハムシ亜科,Nodina,kraussi,クラウスチビサルハムシ
ハムシ科,サルハムシ亜科,Nodina,morimotoi,モリモトチビサルハムシ
ハムシ科,サルハムシ亜科,Nodina,sauteri,ザウターチビサルハムシ
ハムシ科,サルハムシ亜科,Pagria,consimilis,ムネアカキバネサルハムシ
ハムシ科,サルハムシ亜科,Pagria,flavopustulata,ツヤキバネサルハムシ
ハムシ科,サルハムシ亜科,Pagria,ingibbosa,チビキバネサルハムシ
ハムシ科,サルハムシ亜科,Pagria,ussuriensis,マルキバネサルハムシ
ハムシ科,サルハムシ亜科,Parascela,cribrata,ヒメムクゲサルハムシ
ハムシ科,サルハムシ亜科,Rhyparida,lineolata,セスジサルハムシ
ハムシ科,サルハムシ亜科,Rhyparida,sakisimensis,モモブトサルハムシ
ハムシ科,ツヤハムシ亜科,Oomorphoides,cupreatus,ドウガネツヤハムシ
ハムシ科,ツヤハムシ亜科,Oomorphoides,loochooensis,リュウキュウツヤハムシ
ハムシ科,ツヤハムシ亜科,Oomorphoides,nigrocaeruleus,アオグロツヤハムシ
ハムシ科,ツヤハムシ亜科,Oomorphoides,okinawensis,オキナワツヤハムシ
ハムシ科,ツヤハムシ亜科,Oomorphoides,sakishimanus,サキシマツヤハムシ
ハムシ科,ツヤハムシ亜科,Oomorphus,(Oomorphus),ヒメツヤハムシ
ハムシ科,ツツハムシ亜科,Aetheomorpha,taiwana,タイワンカタハリナガツツハムシ
ハムシ科,ツツハムシ亜科,Clytra,(Clytra),ヨツボシナガツツハムシ
ハムシ科,ツツハムシ亜科,Coptocephala,orientalis,ヨツボシアカツツハムシ
ハムシ科,ツツハムシ亜科,Physosmaragdina,nigrifrons,クロオビツツハムシ
ハムシ科,ツツハムシ亜科,Smaragdina,aurita,キボシルリハムシ
ハムシ科,ツツハムシ亜科,Smaragdina,ihai,ツルグミナガツツハムシ
ハムシ科,ツツハムシ亜科,Smaragdina,mandzhura,ルリナガツツハムシ
ハムシ科,ツツハムシ亜科,Smaragdina,nipponensis,キイロナガツツハムシ
ハムシ科,ツツハムシ亜科,Smaragdina,quadratomaculata,アザミナガツツハムシ
ハムシ科,ツツハムシ亜科,Smaragdina,semiaurantiaca,ムナキルリハムシ
ハムシ科,ツツハムシ亜科,Cryptocephalus,(Asionus),アイヌツツハムシ
ハムシ科,ツツハムシ亜科,Cryptocephalus,(Asionus),セメノフツツハムシ
ハムシ科,ツツハムシ亜科,Cryptocephalus,(Burlinius),フタスジツツハムシ
ハムシ科,ツツハムシ亜科,Cryptocephalus,(Burlinius),チビルリツツハムシ
ハムシ科,ツツハムシ亜科,Cryptocephalus,(Burlinius),エジマツツハムシ
ハムシ科,ツツハムシ亜科,Cryptocephalus,(Burlinius),キアシチビツツハムシ
ハムシ科,ツツハムシ亜科,Cryptocephalus,(Burlinius),ウスグロスジツツハムシ
ハムシ科,ツツハムシ亜科,Cryptocephalus,(Burlinius),アカムネチビツツハムシ
ハムシ科,ツツハムシ亜科,Cryptocephalus,(Burlinius),キモトツツハムシ
ハムシ科,ツツハムシ亜科,Cryptocephalus,(Burlinius),タテスジキツツハムシ
ハムシ科,ツツハムシ亜科,Cryptocephalus,(Burlinius),ハコネチビツツハムシ
ハムシ科,ツツハムシ亜科,Cryptocephalus,(Cryptocephalus),ルリツツハムシ
ハムシ科,ツツハムシ亜科,Cryptocephalus,(Cryptocephalus),キアシルリツツハムシ
ハムシ科,ツツハムシ亜科,Cryptocephalus,(Cryptocephalus),コヤツボシツツハムシ
ハムシ科,ツツハムシ亜科,Cryptocephalus,(Cryptocephalus),ニセセスジツツハムシ
ハムシ科,ツツハムシ亜科,Cryptocephalus,(Cryptocephalus),カラフトツツハムシ
ハムシ科,ツツハムシ亜科,Cryptocephalus,(Cryptocephalus),キスジツツハムシ
ハムシ科,ツツハムシ亜科,Cryptocephalus,(Cryptocephalus),リュウキュウツツハムシ　基亜種
ハムシ科,ツツハムシ亜科,Cryptocephalus,(Cryptocephalus),リュウキュウツツハムシ　宮古島亜種
ハムシ科,ツツハムシ亜科,Cryptocephalus,(Cryptocephalus),クロボシツツハムシ
ハムシ科,ツツハムシ亜科,Cryptocephalus,(Cryptocephalus),ツヤルリツツハムシ
ハムシ科,ツツハムシ亜科,Cryptocephalus,(Cryptocephalus),ヨツモンクロツツハムシ
ハムシ科,ツツハムシ亜科,Cryptocephalus,(Cryptocephalus),ムツキボシツツハムシ
ハムシ科,ツツハムシ亜科,Cryptocephalus,(Cryptocephalus),セスジツツハムシ
ハムシ科,ツツハムシ亜科,Cryptocephalus,(Cryptocephalus),ヤツボシツツハムシ
ハムシ科,ツツハムシ亜科,Cryptocephalus,(Cryptocephalus),キボシツツハムシ　基亜種
ハムシ科,ツツハムシ亜科,Cryptocephalus,(Cryptocephalus),キボシツツハムシ　琉球亜種
ハムシ科,ツツハムシ亜科,Cryptocephalus,(Cryptocephalus),キボシツツハムシ　宮古島亜種
ハムシ科,ツツハムシ亜科,Cryptocephalus,(Cryptocephalus),キボシツツハムシ　与那国島亜種
ハムシ科,ツツハムシ亜科,Cryptocephalus,(Cryptocephalus),カシワツツハムシ
ハムシ科,ツツハムシ亜科,Cryptocephalus,(Cryptocephalus),ムツボシツツハムシ
ハムシ科,ツツハムシ亜科,Cryptocephalus,(Cryptocephalus),ジュウシホシツツハムシ
ハムシ科,ツツハムシ亜科,Cryptocephalus,(Disopus),ツマキクロツツハムシ
ハムシ科,ツツハムシ亜科,Diachus,auratus,ヒロヒゲツツハムシ
ハムシ科,ツツハムシ亜科,Melixanthus,babai,ババチビツツハムシ
ハムシ科,ツツハムシ亜科,Melixanthus,pumilio,アオチビツツハムシ
ハムシ科,ツツハムシ亜科,Adiscus,lewisii,タマツツハムシ
ハムシ科,ツツハムシ亜科,Adiscus,nigripennis,リュウキュウタマツツハムシ
ハムシ科,ツツハムシ亜科,Coenobius,nigrocastaneus,ウスグロヒメツツハムシ
ハムシ科,ツツハムシ亜科,Coenobius,obscuripennis,ウスアカヒメツツハムシ
ハムシ科,ツツハムシ亜科,Coenobius,piceipes,クロアシヒメツツハムシ
ハムシ科,ツツハムシ亜科,Coenobius,piceus,クロヒメツツハムシ
ハムシ科,ツツハムシ亜科,Coenobius,sulcicollis,ムネミゾヒメツツハムシ
ハムシ科,ツツハムシ亜科,Chlamisus,consimilis,カシワコブハムシ
ハムシ科,ツツハムシ亜科,Chlamisus,diminutus,ヒメコブハムシ
ハムシ科,ツツハムシ亜科,Chlamisus,geniculatus,アマミコブハムシ
ハムシ科,ツツハムシ亜科,Chlamisus,interjectus,ミズキコブハムシ
ハムシ科,ツツハムシ亜科,Chlamisus,japonicus,ハバビロコブハムシ
ハムシ科,ツツハムシ亜科,Chlamisus,laticollis,ツツジコブハムシ
ハムシ科,ツツハムシ亜科,Chlamisus,lewisii,ツバキコブハムシ
ハムシ科,ツツハムシ亜科,Chlamisus,spilotus,ムシクソハムシ
ハムシ科,ツツハムシ亜科,Chlamisus,yakushimanus,ヤクシマコブハムシ
ハムシ科,ツツハムシ亜科,Pachybrachis,(Pachybrachis),ハギツツハムシ
